<?xml version = '1.0' encoding = 'UTF-8'?>
<relationalModel class="oracle.dbtools.crest.model.design.relational.RelationalDesign" name="Relational_1" id="2A749666-092A-6E7F-F7C4-59D7F0327F31" mainViewID="B3154BA9-A65D-F436-BCAF-0EC82FB73DD8">
<createdBy>manij</createdBy>
<createdTime>2025-03-23 22:51:25 UTC</createdTime>
<ownerDesignName>project 2 draft</ownerDesignName>
<shouldBeOpen>false</shouldBeOpen>
<selectedRDBMSSite>32076570-2523-435C-2E92-BF29817DFF70</selectedRDBMSSite>
</relationalModel>