<?xml version = '1.0' encoding = 'UTF-8'?>
<FKIndexAssociation class="oracle.dbtools.crest.model.design.relational.FKIndexAssociation" directorySegmentName="seg_0" id="039945B5-6043-7A6E-EDDB-12522BC1CA6B" containerWithKeyObject="2DE852D3-80E2-DA3E-1A01-0412ED7C8E10" localFKIndex="B36C93DD-AEFC-0E9D-EF49-7DDB38B36B85" name="logistic_quality_FK">
<createdBy>manij</createdBy>
<createdTime>2025-03-24 03:13:17 UTC</createdTime>
<generatorID>C75654AE-0278-BD9B-B63B-1984941280FC</generatorID>
<ownerDesignName>project 2 draft</ownerDesignName>
<referredTableLongName>quality</referredTableLongName>
<deleteRule>NO ACTION</deleteRule>
<referredTableID>738B9F0B-78D4-AE0D-E048-BD6F5D866101</referredTableID>
<keyObject>6F6E38C9-EF07-226E-7792-5601DC82FF18</keyObject>
<referredKeyID>6F6E38C9-EF07-226E-7792-5601DC82FF18</referredKeyID>
<mandatory>true</mandatory>
<refColNames>quality_points</refColNames>
<transferable>false</transferable>
<rely>false</rely>
<columnDependencyConstraintGenerateInDDL>true</columnDependencyConstraintGenerateInDDL>
</FKIndexAssociation>