<?xml version = '1.0' encoding = 'UTF-8'?>
<FKIndexAssociation class="oracle.dbtools.crest.model.design.relational.FKIndexAssociation" directorySegmentName="seg_0" id="241F4CD1-1D47-CD65-D680-20CAB7AD4DC1" containerWithKeyObject="6F595E75-E0C5-1BA3-05F0-90675F6C580E" localFKIndex="7379A6DA-7F86-AC7E-C973-5DA40963C153" name="ngo_request_user_details_FK">
<createdBy>manij</createdBy>
<createdTime>2025-03-24 02:29:37 UTC</createdTime>
<generatorID>C83E94B9-A11D-3A31-C92C-41570BD98F29</generatorID>
<ownerDesignName>project 2 draft</ownerDesignName>
<referredTableLongName>user_details</referredTableLongName>
<deleteRule>NO ACTION</deleteRule>
<referredTableID>EADEC5A5-3337-372E-65A4-968155923725</referredTableID>
<keyObject>E8F3D77D-83A1-01AF-9353-D1CC67D7B9AF</keyObject>
<referredKeyID>E8F3D77D-83A1-01AF-9353-D1CC67D7B9AF</referredKeyID>
<mandatory>true</mandatory>
<refColNames>user_id</refColNames>
<transferable>false</transferable>
<rely>false</rely>
<columnDependencyConstraintGenerateInDDL>true</columnDependencyConstraintGenerateInDDL>
</FKIndexAssociation>