<?xml version = '1.0' encoding = 'UTF-8'?>
<FKIndexAssociation class="oracle.dbtools.crest.model.design.relational.FKIndexAssociation" directorySegmentName="seg_0" id="2B0B36F4-3A35-A75D-DBA4-2B71039912D7" containerWithKeyObject="2DE852D3-80E2-DA3E-1A01-0412ED7C8E10" localFKIndex="ECA0D0C5-22FB-12CA-6883-5635A143012F" name="logistic_user_details_FK">
<createdBy>manij</createdBy>
<createdTime>2025-03-24 03:13:17 UTC</createdTime>
<generatorID>A6C8C2B5-584C-9109-5641-BDE6C38B2277</generatorID>
<ownerDesignName>project 2 draft</ownerDesignName>
<referredTableLongName>user_details</referredTableLongName>
<deleteRule>NO ACTION</deleteRule>
<referredTableID>EADEC5A5-3337-372E-65A4-968155923725</referredTableID>
<keyObject>E8F3D77D-83A1-01AF-9353-D1CC67D7B9AF</keyObject>
<referredKeyID>E8F3D77D-83A1-01AF-9353-D1CC67D7B9AF</referredKeyID>
<mandatory>true</mandatory>
<refColNames>user_id</refColNames>
<transferable>false</transferable>
<rely>false</rely>
<columnDependencyConstraintGenerateInDDL>true</columnDependencyConstraintGenerateInDDL>
</FKIndexAssociation>