<?xml version = '1.0' encoding = 'UTF-8'?>
<FKIndexAssociation class="oracle.dbtools.crest.model.design.relational.FKIndexAssociation" directorySegmentName="seg_0" id="342701B4-080C-F279-9460-484F44BFA639" containerWithKeyObject="2722E6BE-A3A0-EB2E-17A1-47215F8878AA" localFKIndex="6D8D3280-AABE-8FC6-2839-FFA3E711D68A" name="supplier_user_details_FK">
<createdBy>manij</createdBy>
<createdTime>2025-03-24 02:29:37 UTC</createdTime>
<generatorID>BF73CB8A-F514-24C8-74F8-286526AC8F3B</generatorID>
<ownerDesignName>project 2 draft</ownerDesignName>
<referredTableLongName>user_details</referredTableLongName>
<deleteRule>NO ACTION</deleteRule>
<referredTableID>EADEC5A5-3337-372E-65A4-968155923725</referredTableID>
<keyObject>E8F3D77D-83A1-01AF-9353-D1CC67D7B9AF</keyObject>
<referredKeyID>E8F3D77D-83A1-01AF-9353-D1CC67D7B9AF</referredKeyID>
<mandatory>true</mandatory>
<refColNames>user_id</refColNames>
<transferable>false</transferable>
<rely>false</rely>
<columnDependencyConstraintGenerateInDDL>true</columnDependencyConstraintGenerateInDDL>
</FKIndexAssociation>