<?xml version = '1.0' encoding = 'UTF-8'?>
<FKIndexAssociation class="oracle.dbtools.crest.model.design.relational.FKIndexAssociation" directorySegmentName="seg_0" id="67A36991-2BCA-3535-49EB-6D34951067DA" containerWithKeyObject="A67F763B-EF8F-B300-3AA0-48B47F635501" localFKIndex="0E59FB4F-CA8A-850D-A8CD-85200FAF2B3A" name="main_food_data_supplier_FK">
<createdBy>manij</createdBy>
<createdTime>2025-03-24 03:19:56 UTC</createdTime>
<generatorID>77EE253D-A1F4-97E5-EA6A-59705B8B7C43</generatorID>
<ownerDesignName>project 2 draft</ownerDesignName>
<referredTableLongName>supplier</referredTableLongName>
<deleteRule>NO ACTION</deleteRule>
<referredTableID>2722E6BE-A3A0-EB2E-17A1-47215F8878AA</referredTableID>
<keyObject>9CC4F236-E134-2881-AC86-49F1E8CEAABF</keyObject>
<referredKeyID>9CC4F236-E134-2881-AC86-49F1E8CEAABF</referredKeyID>
<mandatory>true</mandatory>
<refColNames>supplier_id</refColNames>
<transferable>false</transferable>
<rely>false</rely>
<columnDependencyConstraintGenerateInDDL>true</columnDependencyConstraintGenerateInDDL>
</FKIndexAssociation>