<?xml version = '1.0' encoding = 'UTF-8'?>
<FKIndexAssociation class="oracle.dbtools.crest.model.design.relational.FKIndexAssociation" directorySegmentName="seg_0" id="88A420BD-A2DC-FC47-6C72-0DF8F7E67D43" containerWithKeyObject="6F595E75-E0C5-1BA3-05F0-90675F6C580E" localFKIndex="B96207D6-5343-CD02-F646-B38BE82D0E30" name="ngo_request_main_food_data_FK">
<createdBy>manij</createdBy>
<createdTime>2025-03-24 03:13:17 UTC</createdTime>
<generatorID>97D577F5-2E4D-7057-DB66-ACA3B77AA70A</generatorID>
<ownerDesignName>project 2 draft</ownerDesignName>
<referredTableLongName>main_food_data</referredTableLongName>
<deleteRule>NO ACTION</deleteRule>
<referredTableID>A67F763B-EF8F-B300-3AA0-48B47F635501</referredTableID>
<keyObject>1A9A4C32-B844-4B50-BF7A-631AC73B23C7</keyObject>
<referredKeyID>1A9A4C32-B844-4B50-BF7A-631AC73B23C7</referredKeyID>
<mandatory>true</mandatory>
<refColNames>main_id</refColNames>
<transferable>false</transferable>
<rely>false</rely>
<columnDependencyConstraintGenerateInDDL>true</columnDependencyConstraintGenerateInDDL>
</FKIndexAssociation>