<?xml version = '1.0' encoding = 'UTF-8'?>
<FKIndexAssociation class="oracle.dbtools.crest.model.design.relational.FKIndexAssociation" directorySegmentName="seg_0" id="91935D15-0872-1057-035C-85F3BC57B660" containerWithKeyObject="738B9F0B-78D4-AE0D-E048-BD6F5D866101" localFKIndex="AC3C5B1E-CB0F-206E-A868-2B24D501F376" name="quality_user_details_FK">
<createdBy>manij</createdBy>
<createdTime>2025-03-24 03:13:17 UTC</createdTime>
<generatorID>C0D39EBB-360A-AFB6-3EF7-A83592BF19B4</generatorID>
<ownerDesignName>project 2 draft</ownerDesignName>
<referredTableLongName>user_details</referredTableLongName>
<deleteRule>NO ACTION</deleteRule>
<referredTableID>EADEC5A5-3337-372E-65A4-968155923725</referredTableID>
<keyObject>E8F3D77D-83A1-01AF-9353-D1CC67D7B9AF</keyObject>
<referredKeyID>E8F3D77D-83A1-01AF-9353-D1CC67D7B9AF</referredKeyID>
<mandatory>true</mandatory>
<refColNames>user_id</refColNames>
<transferable>false</transferable>
<rely>false</rely>
<columnDependencyConstraintGenerateInDDL>true</columnDependencyConstraintGenerateInDDL>
</FKIndexAssociation>