<?xml version = '1.0' encoding = 'UTF-8'?>
<FKIndexAssociation class="oracle.dbtools.crest.model.design.relational.FKIndexAssociation" directorySegmentName="seg_0" id="A8F1CACB-0365-A9BD-6175-1CEE79F0BD79" containerWithKeyObject="EADEC5A5-3337-372E-65A4-968155923725" localFKIndex="1E685376-43DB-0918-28C9-9B3460DA7686" name="user_details_user_role_FK">
<createdBy>manij</createdBy>
<createdTime>2025-03-24 02:29:37 UTC</createdTime>
<generatorID>DE72593D-024C-6C88-649B-8C60BE6674FD</generatorID>
<ownerDesignName>project 2 draft</ownerDesignName>
<referredTableLongName>user_role</referredTableLongName>
<deleteRule>NO ACTION</deleteRule>
<referredTableID>5615AD9E-2A71-255E-8940-B1CA130613E1</referredTableID>
<keyObject>765BD8AC-3488-D228-5E60-5739F1348F45</keyObject>
<referredKeyID>765BD8AC-3488-D228-5E60-5739F1348F45</referredKeyID>
<mandatory>true</mandatory>
<refColNames>role_id</refColNames>
<transferable>false</transferable>
<rely>false</rely>
<columnDependencyConstraintGenerateInDDL>true</columnDependencyConstraintGenerateInDDL>
</FKIndexAssociation>