<?xml version = '1.0' encoding = 'UTF-8'?>
<FKIndexAssociation class="oracle.dbtools.crest.model.design.relational.FKIndexAssociation" directorySegmentName="seg_0" id="BD7C39CC-2D5A-3D99-C490-9E224C25FDC5" containerWithKeyObject="2DE852D3-80E2-DA3E-1A01-0412ED7C8E10" localFKIndex="A0FBDB0F-74E8-18A2-8D9D-A3D3757A8F48" name="logistic_ngo_request_FK">
<createdBy>manij</createdBy>
<createdTime>2025-03-24 06:33:09 UTC</createdTime>
<generatorID>FBEB6A67-6954-2BCC-B62A-0B8BCA874914</generatorID>
<ownerDesignName>project 2 draft</ownerDesignName>
<referredTableLongName>ngo_request</referredTableLongName>
<deleteRule>NO ACTION</deleteRule>
<referredTableID>6F595E75-E0C5-1BA3-05F0-90675F6C580E</referredTableID>
<keyObject>2758CAE7-5F12-6616-B493-0F354DB53B59</keyObject>
<referredKeyID>2758CAE7-5F12-6616-B493-0F354DB53B59</referredKeyID>
<mandatory>true</mandatory>
<refColNames>ngo_request_id</refColNames>
<transferable>false</transferable>
<rely>false</rely>
<columnDependencyConstraintGenerateInDDL>true</columnDependencyConstraintGenerateInDDL>
</FKIndexAssociation>