<?xml version = '1.0' encoding = 'UTF-8'?>
<Relation class="oracle.dbtools.crest.model.design.logical.Relation" name="supplier_main_food_relation" directorySegmentName="seg_0" id="77EE253D-A1F4-97E5-EA6A-59705B8B7C43">
<createdBy>manij</createdBy>
<createdTime>2025-03-24 02:08:30 UTC</createdTime>
<ownerDesignName>project 2 draft</ownerDesignName>
<engineerTo>
<item key="2A749666-092A-6E7F-F7C4-59D7F0327F31" value="true"/>
</engineerTo>
<sourceTransferable>false</sourceTransferable>
<targetTransferable>false</targetTransferable>
<sourcePk>FF0A0B5F-29C5-64F9-D8ED-7BE162520DF0</sourcePk>
<targetPk>AB64D9DF-F7F9-B742-1135-CD01251E0D55</targetPk>
<identifying>false</identifying>
<optionalSource>false</optionalSource>
<optionalTarget>false</optionalTarget>
<sourceCardinality>1</sourceCardinality>
<sourceEntity>05F747C1-28EB-8662-EC85-D2207DDFC17A</sourceEntity>
<targetCardinalityString>*</targetCardinalityString>
<targetEntity>AEB9FCEC-9687-5E79-CD2D-9A7444E06A94</targetEntity>
<transferable>true</transferable>
<deleteRule>NO ACTION</deleteRule>
</Relation>