<?xml version = '1.0' encoding = 'UTF-8'?>
<Relation class="oracle.dbtools.crest.model.design.logical.Relation" name="user_logistics" directorySegmentName="seg_0" id="A6C8C2B5-584C-9109-5641-BDE6C38B2277">
<createdBy>manij</createdBy>
<createdTime>2025-03-24 03:00:24 UTC</createdTime>
<ownerDesignName>project 2 draft</ownerDesignName>
<engineerTo>
<item key="2A749666-092A-6E7F-F7C4-59D7F0327F31" value="true"/>
</engineerTo>
<sourceTransferable>false</sourceTransferable>
<targetTransferable>false</targetTransferable>
<sourcePk>94F5B660-6D54-1D60-1FDC-07DC6BF66F4F</sourcePk>
<identifying>true</identifying>
<optionalSource>true</optionalSource>
<optionalTarget>false</optionalTarget>
<sourceCardinality>1</sourceCardinality>
<sourceEntity>8C327D30-5972-8959-7C5C-F5CBEBC79184</sourceEntity>
<targetCardinalityString>*</targetCardinalityString>
<targetEntity>6A83CD91-3495-361A-F30C-93F850945C02</targetEntity>
<transferable>true</transferable>
<deleteRule>NO ACTION</deleteRule>
</Relation>