<?xml version = '1.0' encoding = 'UTF-8'?>
<Relation class="oracle.dbtools.crest.model.design.logical.Relation" name="quality_logistics_relation" directorySegmentName="seg_0" id="C75654AE-0278-BD9B-B63B-1984941280FC">
<createdBy>manij</createdBy>
<createdTime>2025-03-24 03:03:11 UTC</createdTime>
<ownerDesignName>project 2 draft</ownerDesignName>
<engineerTo>
<item key="2A749666-092A-6E7F-F7C4-59D7F0327F31" value="true"/>
</engineerTo>
<sourceTransferable>false</sourceTransferable>
<targetTransferable>false</targetTransferable>
<sourcePk>877FBBBA-36B5-8F26-E699-75C55EE3231F</sourcePk>
<identifying>false</identifying>
<optionalSource>false</optionalSource>
<optionalTarget>false</optionalTarget>
<sourceCardinality>1</sourceCardinality>
<sourceEntity>862406B0-BD3A-AAE4-62B9-21E9ADF9737E</sourceEntity>
<targetCardinalityString>*</targetCardinalityString>
<targetEntity>6A83CD91-3495-361A-F30C-93F850945C02</targetEntity>
<transferable>true</transferable>
<deleteRule>NO ACTION</deleteRule>
</Relation>