<?xml version = '1.0' encoding = 'UTF-8'?>
<Relation class="oracle.dbtools.crest.model.design.logical.Relation" name="user_ngo_relation" directorySegmentName="seg_0" id="C83E94B9-A11D-3A31-C92C-41570BD98F29">
<createdBy>manij</createdBy>
<createdTime>2025-03-24 02:10:47 UTC</createdTime>
<ownerDesignName>project 2 draft</ownerDesignName>
<engineerTo>
<item key="2A749666-092A-6E7F-F7C4-59D7F0327F31" value="true"/>
</engineerTo>
<sourceTransferable>false</sourceTransferable>
<targetTransferable>false</targetTransferable>
<sourcePk>94F5B660-6D54-1D60-1FDC-07DC6BF66F4F</sourcePk>
<identifying>false</identifying>
<optionalSource>true</optionalSource>
<optionalTarget>false</optionalTarget>
<sourceCardinality>1</sourceCardinality>
<sourceEntity>8C327D30-5972-8959-7C5C-F5CBEBC79184</sourceEntity>
<targetCardinalityString>*</targetCardinalityString>
<targetEntity>2BE96F1B-A535-5330-1E96-6096DE29EB68</targetEntity>
<transferable>true</transferable>
<deleteRule>NO ACTION</deleteRule>
</Relation>