<?xml version = '1.0' encoding = 'UTF-8'?>
<Diagram class="oracle.dbtools.crest.swingui.relational.DPVRelational" name="Relational_1" id="B3154BA9-A65D-F436-BCAF-0EC82FB73DD8">
<createdBy>manij</createdBy>
<modifiedBy>manij</modifiedBy>
<createdTime>2025-03-24 02:29:37 UTC</createdTime>
<autoRoute>false</autoRoute>
<boxInbox>true</boxInbox>
<showLegend>false</showLegend>
<showLabels>false</showLabels>
<showRelAttributes>false</showRelAttributes>
<gridEnabled>false</gridEnabled>
<showGrid>false</showGrid>
<diagramColor>-1</diagramColor>
<display>false</display>
<notation>1</notation>
<objectViews>
<OView class="oracle.dbtools.crest.swingui.relational.TVTable" oid="2722E6BE-A3A0-EB2E-17A1-47215F8878AA" otype="Table" vid="D989D159-91C5-F16E-5F46-49B734B2815C">
<hideElementsInCurrentOnly>false</hideElementsInCurrentOnly>
<bounds x="567" y="54" width="161" height="181"/>
</OView>
<OView class="oracle.dbtools.crest.swingui.relational.TVTable" oid="2DE852D3-80E2-DA3E-1A01-0412ED7C8E10" otype="Table" vid="381C7495-8CD3-DB4A-87AB-B5E97CACCF5C">
<hideElementsInCurrentOnly>false</hideElementsInCurrentOnly>
<bounds x="779" y="376" width="359" height="234"/>
</OView>
<OView class="oracle.dbtools.crest.swingui.relational.TVTable" oid="5615AD9E-2A71-255E-8940-B1CA130613E1" otype="Table" vid="E721765C-55A4-B02D-0B9C-AC1805262272">
<hideElementsInCurrentOnly>false</hideElementsInCurrentOnly>
<bounds x="38" y="120" width="93" height="100"/>
</OView>
<OView class="oracle.dbtools.crest.swingui.relational.TVTable" oid="6F595E75-E0C5-1BA3-05F0-90675F6C580E" otype="Table" vid="3254D148-B567-D14B-D376-45C612420C2E">
<hideElementsInCurrentOnly>false</hideElementsInCurrentOnly>
<bounds x="805" y="227" width="218" height="118"/>
</OView>
<OView class="oracle.dbtools.crest.swingui.relational.TVTable" oid="738B9F0B-78D4-AE0D-E048-BD6F5D866101" otype="Table" vid="5DF719CA-0A80-45A9-9BB7-6552BA87C141">
<hideElementsInCurrentOnly>false</hideElementsInCurrentOnly>
<bounds x="271" y="435" width="127" height="58"/>
</OView>
<OView class="oracle.dbtools.crest.swingui.relational.TVTable" oid="A67F763B-EF8F-B300-3AA0-48B47F635501" otype="Table" vid="8013549A-D87A-5083-6437-0AAE2AAC4D20">
<hideElementsInCurrentOnly>false</hideElementsInCurrentOnly>
<bounds x="851" y="14" width="151" height="115"/>
</OView>
<OView class="oracle.dbtools.crest.swingui.relational.TVTable" oid="EADEC5A5-3337-372E-65A4-968155923725" otype="Table" vid="34BE8A35-AB1B-D088-FAA6-A4F14D12BFDE">
<hideElementsInCurrentOnly>false</hideElementsInCurrentOnly>
<bounds x="219" y="194" width="148" height="170"/>
</OView>
</objectViews>
<connectors>
<Connector class="oracle.dbtools.crest.swingui.relational.TVFKRelation" oid="039945B5-6043-7A6E-EDDB-12522BC1CA6B" otype="FKIndexAssociation" vid_source="5DF719CA-0A80-45A9-9BB7-6552BA87C141" vid_target="381C7495-8CD3-DB4A-87AB-B5E97CACCF5C">
<hideElementsInCurrentOnly>false</hideElementsInCurrentOnly>
<backgroundColor>-16777216</backgroundColor>
<lineWidth>1</lineWidth>
<points>
<point x="398" y="449"/>
<point x="779" y="449"/>
</points>
</Connector>
<Connector class="oracle.dbtools.crest.swingui.relational.TVFKRelation" oid="241F4CD1-1D47-CD65-D680-20CAB7AD4DC1" otype="FKIndexAssociation" vid_source="34BE8A35-AB1B-D088-FAA6-A4F14D12BFDE" vid_target="3254D148-B567-D14B-D376-45C612420C2E">
<hideElementsInCurrentOnly>false</hideElementsInCurrentOnly>
<backgroundColor>-16777216</backgroundColor>
<lineWidth>1</lineWidth>
<points>
<point x="367" y="286"/>
<point x="805" y="286"/>
</points>
</Connector>
<Connector class="oracle.dbtools.crest.swingui.relational.TVFKRelation" oid="2B0B36F4-3A35-A75D-DBA4-2B71039912D7" otype="FKIndexAssociation" vid_source="34BE8A35-AB1B-D088-FAA6-A4F14D12BFDE" vid_target="381C7495-8CD3-DB4A-87AB-B5E97CACCF5C">
<hideElementsInCurrentOnly>false</hideElementsInCurrentOnly>
<backgroundColor>-16777216</backgroundColor>
<lineWidth>1</lineWidth>
<points>
<point x="367" y="297"/>
<point x="779" y="400"/>
</points>
</Connector>
<Connector class="oracle.dbtools.crest.swingui.relational.TVFKRelation" oid="342701B4-080C-F279-9460-484F44BFA639" otype="FKIndexAssociation" vid_source="34BE8A35-AB1B-D088-FAA6-A4F14D12BFDE" vid_target="D989D159-91C5-F16E-5F46-49B734B2815C">
<hideElementsInCurrentOnly>false</hideElementsInCurrentOnly>
<backgroundColor>-16777216</backgroundColor>
<lineWidth>1</lineWidth>
<points>
<point x="367" y="214"/>
<point x="567" y="214"/>
</points>
</Connector>
<Connector class="oracle.dbtools.crest.swingui.relational.TVFKRelation" oid="67A36991-2BCA-3535-49EB-6D34951067DA" otype="FKIndexAssociation" vid_source="D989D159-91C5-F16E-5F46-49B734B2815C" vid_target="8013549A-D87A-5083-6437-0AAE2AAC4D20">
<hideElementsInCurrentOnly>false</hideElementsInCurrentOnly>
<backgroundColor>-16777216</backgroundColor>
<lineWidth>1</lineWidth>
<points>
<point x="728" y="91"/>
<point x="851" y="91"/>
</points>
</Connector>
<Connector class="oracle.dbtools.crest.swingui.relational.TVFKRelation" oid="88A420BD-A2DC-FC47-6C72-0DF8F7E67D43" otype="FKIndexAssociation" vid_source="8013549A-D87A-5083-6437-0AAE2AAC4D20" vid_target="3254D148-B567-D14B-D376-45C612420C2E">
<hideElementsInCurrentOnly>false</hideElementsInCurrentOnly>
<backgroundColor>-16777216</backgroundColor>
<lineWidth>1</lineWidth>
<points>
<point x="926" y="129"/>
<point x="926" y="227"/>
</points>
</Connector>
<Connector class="oracle.dbtools.crest.swingui.relational.TVFKRelation" oid="91935D15-0872-1057-035C-85F3BC57B660" otype="FKIndexAssociation" vid_source="34BE8A35-AB1B-D088-FAA6-A4F14D12BFDE" vid_target="5DF719CA-0A80-45A9-9BB7-6552BA87C141">
<hideElementsInCurrentOnly>false</hideElementsInCurrentOnly>
<backgroundColor>-16777216</backgroundColor>
<lineWidth>1</lineWidth>
<points>
<point x="319" y="364"/>
<point x="319" y="435"/>
</points>
</Connector>
<Connector class="oracle.dbtools.crest.swingui.relational.TVFKRelation" oid="A8F1CACB-0365-A9BD-6175-1CEE79F0BD79" otype="FKIndexAssociation" vid_source="E721765C-55A4-B02D-0B9C-AC1805262272" vid_target="34BE8A35-AB1B-D088-FAA6-A4F14D12BFDE">
<hideElementsInCurrentOnly>false</hideElementsInCurrentOnly>
<backgroundColor>-16777216</backgroundColor>
<lineWidth>1</lineWidth>
<points>
<point x="131" y="207"/>
<point x="219" y="207"/>
</points>
</Connector>
<Connector class="oracle.dbtools.crest.swingui.relational.TVFKRelation" oid="BD7C39CC-2D5A-3D99-C490-9E224C25FDC5" otype="FKIndexAssociation" vid_source="3254D148-B567-D14B-D376-45C612420C2E" vid_target="381C7495-8CD3-DB4A-87AB-B5E97CACCF5C">
<hideElementsInCurrentOnly>false</hideElementsInCurrentOnly>
<backgroundColor>-16777216</backgroundColor>
<lineWidth>1</lineWidth>
<points>
<point x="959" y="345"/>
<point x="959" y="376"/>
</points>
</Connector>
</connectors>
</Diagram>