<?xml version = '1.0' encoding = 'UTF-8'?>
<Diagram class="oracle.dbtools.crest.swingui.logical.DPVLogical" name="Logical" id="FF548DD7-C68B-A9D8-54A5-05C8D5BE8825">
<createdBy>manij</createdBy>
<modifiedBy>manij</modifiedBy>
<createdTime>2025-03-23 22:51:38 UTC</createdTime>
<autoRoute>false</autoRoute>
<boxInbox>true</boxInbox>
<showLegend>false</showLegend>
<showLabels>false</showLabels>
<showRelAttributes>false</showRelAttributes>
<gridEnabled>false</gridEnabled>
<showGrid>false</showGrid>
<diagramColor>-1</diagramColor>
<display>false</display>
<notation>1</notation>
<objectViews>
<OView class="oracle.dbtools.crest.swingui.logical.TVEntity" oid="041B4A0D-C40C-E00E-8FB1-DD2C1ED9B75E" otype="Entity" vid="9BF94F77-A3FC-D50F-7B55-0906FC6BE643">
<hideElementsInCurrentOnly>false</hideElementsInCurrentOnly>
<bounds x="38" y="120" width="93" height="100"/>
</OView>
<OView class="oracle.dbtools.crest.swingui.logical.TVEntity" oid="05F747C1-28EB-8662-EC85-D2207DDFC17A" otype="Entity" vid="C69DCBE5-AFE9-13AC-0FD4-0519D98A10AB">
<hideElementsInCurrentOnly>false</hideElementsInCurrentOnly>
<bounds x="567" y="54" width="161" height="181"/>
</OView>
<OView class="oracle.dbtools.crest.swingui.logical.TVEntity" oid="2BE96F1B-A535-5330-1E96-6096DE29EB68" otype="Entity" vid="01F66921-1CB5-B3B5-EDDE-479071F50564">
<hideElementsInCurrentOnly>false</hideElementsInCurrentOnly>
<bounds x="805" y="227" width="218" height="118"/>
</OView>
<OView class="oracle.dbtools.crest.swingui.logical.TVEntity" oid="6A83CD91-3495-361A-F30C-93F850945C02" otype="Entity" vid="C630F5A2-C1DB-6B00-5E5C-353A6445AE0B">
<hideElementsInCurrentOnly>false</hideElementsInCurrentOnly>
<bounds x="779" y="376" width="199" height="99"/>
</OView>
<OView class="oracle.dbtools.crest.swingui.logical.TVEntity" oid="862406B0-BD3A-AAE4-62B9-21E9ADF9737E" otype="Entity" vid="CD56A491-1C95-8B9D-C5E8-A5736A06AC43">
<hideElementsInCurrentOnly>false</hideElementsInCurrentOnly>
<bounds x="271" y="435" width="127" height="58"/>
</OView>
<OView class="oracle.dbtools.crest.swingui.logical.TVEntity" oid="8C327D30-5972-8959-7C5C-F5CBEBC79184" otype="Entity" vid="BB5DCF23-750F-3FC6-C444-81003FA2C6AE">
<hideElementsInCurrentOnly>false</hideElementsInCurrentOnly>
<bounds x="219" y="194" width="148" height="170"/>
</OView>
<OView class="oracle.dbtools.crest.swingui.logical.TVEntity" oid="AEB9FCEC-9687-5E79-CD2D-9A7444E06A94" otype="Entity" vid="45C7CB7D-1F9D-EACA-17CC-5B08A84F3296">
<hideElementsInCurrentOnly>false</hideElementsInCurrentOnly>
<bounds x="851" y="14" width="151" height="115"/>
</OView>
</objectViews>
<connectors>
<Connector class="oracle.dbtools.crest.swingui.logical.TVRelation" oid="77EE253D-A1F4-97E5-EA6A-59705B8B7C43" otype="Relation" vid_source="C69DCBE5-AFE9-13AC-0FD4-0519D98A10AB" vid_target="45C7CB7D-1F9D-EACA-17CC-5B08A84F3296">
<hideElementsInCurrentOnly>false</hideElementsInCurrentOnly>
<backgroundColor>-16777216</backgroundColor>
<lineWidth>1</lineWidth>
<points>
<point x="728" y="91"/>
<point x="851" y="91"/>
</points>
</Connector>
<Connector class="oracle.dbtools.crest.swingui.logical.TVRelation" oid="97D577F5-2E4D-7057-DB66-ACA3B77AA70A" otype="Relation" vid_source="45C7CB7D-1F9D-EACA-17CC-5B08A84F3296" vid_target="01F66921-1CB5-B3B5-EDDE-479071F50564">
<hideElementsInCurrentOnly>false</hideElementsInCurrentOnly>
<backgroundColor>-16777216</backgroundColor>
<lineWidth>1</lineWidth>
<points>
<point x="926" y="129"/>
<point x="926" y="227"/>
</points>
</Connector>
<Connector class="oracle.dbtools.crest.swingui.logical.TVRelation" oid="A6C8C2B5-584C-9109-5641-BDE6C38B2277" otype="Relation" vid_source="BB5DCF23-750F-3FC6-C444-81003FA2C6AE" vid_target="C630F5A2-C1DB-6B00-5E5C-353A6445AE0B">
<hideElementsInCurrentOnly>false</hideElementsInCurrentOnly>
<backgroundColor>-16777216</backgroundColor>
<lineWidth>1</lineWidth>
<points>
<point x="367" y="297"/>
<point x="779" y="400"/>
</points>
</Connector>
<Connector class="oracle.dbtools.crest.swingui.logical.TVRelation" oid="BF73CB8A-F514-24C8-74F8-286526AC8F3B" otype="Relation" vid_source="BB5DCF23-750F-3FC6-C444-81003FA2C6AE" vid_target="C69DCBE5-AFE9-13AC-0FD4-0519D98A10AB">
<hideElementsInCurrentOnly>false</hideElementsInCurrentOnly>
<backgroundColor>-16777216</backgroundColor>
<lineWidth>1</lineWidth>
<points>
<point x="367" y="214"/>
<point x="567" y="214"/>
</points>
</Connector>
<Connector class="oracle.dbtools.crest.swingui.logical.TVRelation" oid="C0D39EBB-360A-AFB6-3EF7-A83592BF19B4" otype="Relation" vid_source="BB5DCF23-750F-3FC6-C444-81003FA2C6AE" vid_target="CD56A491-1C95-8B9D-C5E8-A5736A06AC43">
<hideElementsInCurrentOnly>false</hideElementsInCurrentOnly>
<backgroundColor>-16777216</backgroundColor>
<lineWidth>1</lineWidth>
<points>
<point x="319" y="364"/>
<point x="319" y="435"/>
</points>
</Connector>
<Connector class="oracle.dbtools.crest.swingui.logical.TVRelation" oid="C75654AE-0278-BD9B-B63B-1984941280FC" otype="Relation" vid_source="CD56A491-1C95-8B9D-C5E8-A5736A06AC43" vid_target="C630F5A2-C1DB-6B00-5E5C-353A6445AE0B">
<hideElementsInCurrentOnly>false</hideElementsInCurrentOnly>
<backgroundColor>-16777216</backgroundColor>
<lineWidth>1</lineWidth>
<points>
<point x="398" y="455"/>
<point x="779" y="455"/>
</points>
</Connector>
<Connector class="oracle.dbtools.crest.swingui.logical.TVRelation" oid="C83E94B9-A11D-3A31-C92C-41570BD98F29" otype="Relation" vid_source="BB5DCF23-750F-3FC6-C444-81003FA2C6AE" vid_target="01F66921-1CB5-B3B5-EDDE-479071F50564">
<hideElementsInCurrentOnly>false</hideElementsInCurrentOnly>
<backgroundColor>-16777216</backgroundColor>
<lineWidth>1</lineWidth>
<points>
<point x="367" y="286"/>
<point x="805" y="286"/>
</points>
</Connector>
<Connector class="oracle.dbtools.crest.swingui.logical.TVRelation" oid="DE72593D-024C-6C88-649B-8C60BE6674FD" otype="Relation" vid_source="9BF94F77-A3FC-D50F-7B55-0906FC6BE643" vid_target="BB5DCF23-750F-3FC6-C444-81003FA2C6AE">
<hideElementsInCurrentOnly>false</hideElementsInCurrentOnly>
<backgroundColor>-16777216</backgroundColor>
<lineWidth>1</lineWidth>
<points>
<point x="131" y="207"/>
<point x="219" y="207"/>
</points>
</Connector>
<Connector class="oracle.dbtools.crest.swingui.logical.TVRelation" oid="FBEB6A67-6954-2BCC-B62A-0B8BCA874914" otype="Relation" vid_source="C630F5A2-C1DB-6B00-5E5C-353A6445AE0B" vid_target="01F66921-1CB5-B3B5-EDDE-479071F50564">
<hideElementsInCurrentOnly>false</hideElementsInCurrentOnly>
<backgroundColor>-16777216</backgroundColor>
<lineWidth>1</lineWidth>
<points>
<point x="891" y="376"/>
<point x="891" y="345"/>
</points>
</Connector>
</connectors>
</Diagram>