<?xml version = '1.0' encoding = 'UTF-8'?>
<Entity class="oracle.dbtools.crest.model.design.logical.Entity" directorySegmentName="seg_0" id="05F747C1-28EB-8662-EC85-D2207DDFC17A" name="supplier">
<createdBy>manij</createdBy>
<createdTime>2025-03-23 23:15:39 UTC</createdTime>
<ownerDesignName>project 2 draft</ownerDesignName>
<engineerTo>
<item key="2A749666-092A-6E7F-F7C4-59D7F0327F31" value="true"/>
</engineerTo>
<adequatelyNormalized>NO</adequatelyNormalized>
<expectedVolumes>0</expectedVolumes>
<fwdEngineeringStrategyName>Single Table</fwdEngineeringStrategyName>
<growthPercent>0</growthPercent>
<growthType>Year</growthType>
<maxVolumes>9999999</maxVolumes>
<minVolumes>0</minVolumes>
<normalForm>Third</normalForm>
<attributes itemClass="oracle.dbtools.crest.model.design.logical.Attribute">
<Attribute name="supplier_id" id="8FB11879-0E8D-02F0-E619-CE153AAD57A0">
<createdBy>manij</createdBy>
<createdTime>2025-03-23 23:15:57 UTC</createdTime>
<ownerDesignName>project 2 draft</ownerDesignName>
<engineerTo>
<item key="2A749666-092A-6E7F-F7C4-59D7F0327F31" value="true"/>
</engineerTo>
<useDomainConstraints>false</useDomainConstraints>
<use>1</use>
<logicalDatatype>LOGDT024</logicalDatatype>
<dataTypeSize>10</dataTypeSize>
<ownDataTypeParameters>10,,</ownDataTypeParameters>
</Attribute>
<Attribute name="supplier_name" id="4B6F48F4-F1E8-11E1-1E0E-834B1E6D82F1">
<createdBy>manij</createdBy>
<createdTime>2025-03-23 23:21:56 UTC</createdTime>
<ownerDesignName>project 2 draft</ownerDesignName>
<engineerTo>
<item key="2A749666-092A-6E7F-F7C4-59D7F0327F31" value="true"/>
</engineerTo>
<useDomainConstraints>false</useDomainConstraints>
<use>1</use>
<logicalDatatype>LOGDT024</logicalDatatype>
<dataTypeSize>100</dataTypeSize>
<ownDataTypeParameters>100,,</ownDataTypeParameters>
</Attribute>
<Attribute name="food_name" id="48A5704B-C73B-7DC8-109A-683E83C1C75E">
<createdBy>manij</createdBy>
<createdTime>2025-03-23 23:22:17 UTC</createdTime>
<ownerDesignName>project 2 draft</ownerDesignName>
<engineerTo>
<item key="2A749666-092A-6E7F-F7C4-59D7F0327F31" value="true"/>
</engineerTo>
<useDomainConstraints>false</useDomainConstraints>
<use>1</use>
<logicalDatatype>LOGDT024</logicalDatatype>
<dataTypeSize>100</dataTypeSize>
<ownDataTypeParameters>100,,</ownDataTypeParameters>
</Attribute>
<Attribute name="food_description" id="894767FF-E694-B94B-FEA7-CC4E73C87704">
<createdBy>manij</createdBy>
<createdTime>2025-03-23 23:24:07 UTC</createdTime>
<ownerDesignName>project 2 draft</ownerDesignName>
<engineerTo>
<item key="2A749666-092A-6E7F-F7C4-59D7F0327F31" value="true"/>
</engineerTo>
<useDomainConstraints>false</useDomainConstraints>
<use>1</use>
<logicalDatatype>LOGDT024</logicalDatatype>
<dataTypeSize>100</dataTypeSize>
<ownDataTypeParameters>100,,</ownDataTypeParameters>
</Attribute>
<Attribute name="quantity" id="4D6EAF31-82A7-B2A7-9F05-08F58A583A20">
<createdBy>manij</createdBy>
<createdTime>2025-03-23 23:25:54 UTC</createdTime>
<ownerDesignName>project 2 draft</ownerDesignName>
<engineerTo>
<item key="2A749666-092A-6E7F-F7C4-59D7F0327F31" value="true"/>
</engineerTo>
<useDomainConstraints>false</useDomainConstraints>
<use>1</use>
<logicalDatatype>LOGDT019</logicalDatatype>
<dataTypePrecision>10</dataTypePrecision>
<dataTypeScale>2</dataTypeScale>
<ownDataTypeParameters>,10,2</ownDataTypeParameters>
</Attribute>
<Attribute name="unit_of_measure" id="FB06FED3-1E24-CE61-75EB-E23AC329F726">
<createdBy>manij</createdBy>
<createdTime>2025-03-24 01:16:51 UTC</createdTime>
<ownerDesignName>project 2 draft</ownerDesignName>
<engineerTo>
<item key="2A749666-092A-6E7F-F7C4-59D7F0327F31" value="true"/>
</engineerTo>
<useDomainConstraints>false</useDomainConstraints>
<use>1</use>
<logicalDatatype>LOGDT024</logicalDatatype>
<dataTypeSize>10</dataTypeSize>
<ownDataTypeParameters>10,,</ownDataTypeParameters>
</Attribute>
<Attribute name="food_prepared_time" id="3ACBEFF0-F8FA-01C4-5D6D-E0CD5FCEB59D">
<createdBy>manij</createdBy>
<createdTime>2025-03-23 23:27:34 UTC</createdTime>
<ownerDesignName>project 2 draft</ownerDesignName>
<engineerTo>
<item key="2A749666-092A-6E7F-F7C4-59D7F0327F31" value="true"/>
</engineerTo>
<useDomainConstraints>false</useDomainConstraints>
<use>1</use>
<logicalDatatype>LOGDT008</logicalDatatype>
<ownDataTypeParameters>,,</ownDataTypeParameters>
</Attribute>
<Attribute name="perishable_by" id="07946F69-6C87-BBA9-4F7D-5C4BEFE8BA1D">
<createdBy>manij</createdBy>
<createdTime>2025-03-23 23:32:52 UTC</createdTime>
<ownerDesignName>project 2 draft</ownerDesignName>
<engineerTo>
<item key="2A749666-092A-6E7F-F7C4-59D7F0327F31" value="true"/>
</engineerTo>
<useDomainConstraints>false</useDomainConstraints>
<use>1</use>
<logicalDatatype>LOGDT008</logicalDatatype>
<ownDataTypeParameters>,,</ownDataTypeParameters>
</Attribute>
<Attribute name="user_id" id="38ED2CB9-E804-95A3-0094-A2ADF1EE2FD5">
<createdBy>manij</createdBy>
<createdTime>2025-03-24 02:02:37 UTC</createdTime>
<generatorID>BF73CB8A-F514-24C8-74F8-286526AC8F3B</generatorID>
<ownerDesignName>project 2 draft</ownerDesignName>
<engineerTo>
<item key="2A749666-092A-6E7F-F7C4-59D7F0327F31" value="true"/>
</engineerTo>
<referedAttribute>8717C4CB-7324-BCC9-7A0D-42A4FD536BF8</referedAttribute>
<useDomainConstraints>false</useDomainConstraints>
<use>1</use>
<logicalDatatype>LOGDT019</logicalDatatype>
<dataTypePrecision>10</dataTypePrecision>
<ownDataTypeParameters>,10,</ownDataTypeParameters>
</Attribute>
</attributes>
<identifiers itemClass="oracle.dbtools.crest.model.design.logical.CandidateKey">
<identifier id="FF0A0B5F-29C5-64F9-D8ED-7BE162520DF0" name="supplier PK">
<createdBy>manij</createdBy>
<createdTime>2025-03-23 23:21:51 UTC</createdTime>
<ownerDesignName>project 2 draft</ownerDesignName>
<shouldEngineer>false</shouldEngineer>
<engineerTo>
<item key="2A749666-092A-6E7F-F7C4-59D7F0327F31" value="false"/>
</engineerTo>
<pk>true</pk>
<usedAttributes>
<attributeRef>8FB11879-0E8D-02F0-E619-CE153AAD57A0</attributeRef>
</usedAttributes>
</identifier>
</identifiers>
</Entity>