<?xml version = '1.0' encoding = 'UTF-8'?>
<Entity class="oracle.dbtools.crest.model.design.logical.Entity" directorySegmentName="seg_0" id="2BE96F1B-A535-5330-1E96-6096DE29EB68" name="ngo_request">
<createdBy>manij</createdBy>
<createdTime>2025-03-23 23:43:53 UTC</createdTime>
<ownerDesignName>project 2 draft</ownerDesignName>
<engineerTo>
<item key="2A749666-092A-6E7F-F7C4-59D7F0327F31" value="true"/>
</engineerTo>
<adequatelyNormalized>NO</adequatelyNormalized>
<expectedVolumes>0</expectedVolumes>
<fwdEngineeringStrategyName>Single Table</fwdEngineeringStrategyName>
<growthPercent>0</growthPercent>
<growthType>Year</growthType>
<maxVolumes>9999999</maxVolumes>
<minVolumes>0</minVolumes>
<normalForm>Third</normalForm>
<attributes itemClass="oracle.dbtools.crest.model.design.logical.Attribute">
<Attribute name="ngo_request_id" id="B67DE0C6-A4E7-AADD-CE9A-DC94717721F3">
<createdBy>manij</createdBy>
<createdTime>2025-03-23 23:44:28 UTC</createdTime>
<ownerDesignName>project 2 draft</ownerDesignName>
<engineerTo>
<item key="2A749666-092A-6E7F-F7C4-59D7F0327F31" value="true"/>
</engineerTo>
<useDomainConstraints>false</useDomainConstraints>
<use>1</use>
<logicalDatatype>LOGDT019</logicalDatatype>
<dataTypePrecision>10</dataTypePrecision>
<ownDataTypeParameters>,10,</ownDataTypeParameters>
</Attribute>
<Attribute name="food_quantity" id="BF4861A8-3D70-3DC5-9FE0-D4C669247809">
<createdBy>manij</createdBy>
<createdTime>2025-03-23 23:45:30 UTC</createdTime>
<ownerDesignName>project 2 draft</ownerDesignName>
<engineerTo>
<item key="2A749666-092A-6E7F-F7C4-59D7F0327F31" value="true"/>
</engineerTo>
<useDomainConstraints>false</useDomainConstraints>
<use>1</use>
<logicalDatatype>LOGDT019</logicalDatatype>
<dataTypePrecision>10</dataTypePrecision>
<ownDataTypeParameters>,10,</ownDataTypeParameters>
</Attribute>
<Attribute name="unit_of_measure_request" id="CB3C7BEE-26EA-BE04-241B-42010BD45970">
<createdBy>manij</createdBy>
<createdTime>2025-03-24 02:12:41 UTC</createdTime>
<ownerDesignName>project 2 draft</ownerDesignName>
<engineerTo>
<item key="2A749666-092A-6E7F-F7C4-59D7F0327F31" value="true"/>
</engineerTo>
<useDomainConstraints>false</useDomainConstraints>
<use>1</use>
<logicalDatatype>LOGDT024</logicalDatatype>
<dataTypeSize>10</dataTypeSize>
<ownDataTypeParameters>10,,</ownDataTypeParameters>
</Attribute>
<Attribute name="ngo_request_status" id="1A1D18AD-626B-0628-A126-9AF3413A7514">
<createdBy>manij</createdBy>
<createdTime>2025-03-23 23:54:25 UTC</createdTime>
<commentInRDBMS><![CDATA[True = available
False = not available]]></commentInRDBMS>
<ownerDesignName>project 2 draft</ownerDesignName>
<engineerTo>
<item key="2A749666-092A-6E7F-F7C4-59D7F0327F31" value="true"/>
</engineerTo>
<useDomainConstraints>false</useDomainConstraints>
<use>1</use>
<logicalDatatype>LOGDT006</logicalDatatype>
<dataTypeSize>10 CHAR</dataTypeSize>
<ownDataTypeParameters>10 CHAR,,</ownDataTypeParameters>
</Attribute>
<Attribute name="user_id" id="6B0080E1-D065-D4A6-1D23-3FA26B4DA0FA">
<createdBy>manij</createdBy>
<createdTime>2025-03-24 02:10:47 UTC</createdTime>
<generatorID>C83E94B9-A11D-3A31-C92C-41570BD98F29</generatorID>
<ownerDesignName>project 2 draft</ownerDesignName>
<engineerTo>
<item key="2A749666-092A-6E7F-F7C4-59D7F0327F31" value="true"/>
</engineerTo>
<referedAttribute>8717C4CB-7324-BCC9-7A0D-42A4FD536BF8</referedAttribute>
<useDomainConstraints>false</useDomainConstraints>
<use>1</use>
<logicalDatatype>LOGDT019</logicalDatatype>
<dataTypePrecision>10</dataTypePrecision>
<ownDataTypeParameters>,10,</ownDataTypeParameters>
</Attribute>
<Attribute name="main_id" id="8F6A01A6-685D-85B2-FCCB-1DA56B9B23FB">
<createdBy>manij</createdBy>
<createdTime>2025-03-24 02:55:11 UTC</createdTime>
<generatorID>97D577F5-2E4D-7057-DB66-ACA3B77AA70A</generatorID>
<ownerDesignName>project 2 draft</ownerDesignName>
<engineerTo>
<item key="2A749666-092A-6E7F-F7C4-59D7F0327F31" value="true"/>
</engineerTo>
<referedAttribute>295DDD89-83EA-639C-CC6D-7282ECBD06BF</referedAttribute>
<useDomainConstraints>false</useDomainConstraints>
<use>1</use>
<logicalDatatype>LOGDT019</logicalDatatype>
<dataTypePrecision>10</dataTypePrecision>
<ownDataTypeParameters>,10,</ownDataTypeParameters>
</Attribute>
</attributes>
<identifiers itemClass="oracle.dbtools.crest.model.design.logical.CandidateKey">
<identifier id="67FEAC45-9D20-C78A-5EFA-8EA901AA46B9" name="ngo_request PK">
<createdBy>manij</createdBy>
<createdTime>2025-03-23 23:45:36 UTC</createdTime>
<ownerDesignName>project 2 draft</ownerDesignName>
<shouldEngineer>false</shouldEngineer>
<engineerTo>
<item key="2A749666-092A-6E7F-F7C4-59D7F0327F31" value="false"/>
</engineerTo>
<pk>true</pk>
<usedAttributes>
<attributeRef>B67DE0C6-A4E7-AADD-CE9A-DC94717721F3</attributeRef>
</usedAttributes>
</identifier>
</identifiers>
</Entity>