<?xml version = '1.0' encoding = 'UTF-8'?>
<Entity class="oracle.dbtools.crest.model.design.logical.Entity" directorySegmentName="seg_0" id="862406B0-BD3A-AAE4-62B9-21E9ADF9737E" name="quality">
<createdBy>manij</createdBy>
<createdTime>2025-03-24 00:43:15 UTC</createdTime>
<ownerDesignName>project 2 draft</ownerDesignName>
<engineerTo>
<item key="2A749666-092A-6E7F-F7C4-59D7F0327F31" value="true"/>
</engineerTo>
<adequatelyNormalized>NO</adequatelyNormalized>
<expectedVolumes>0</expectedVolumes>
<fwdEngineeringStrategyName>Single Table</fwdEngineeringStrategyName>
<growthPercent>0</growthPercent>
<growthType>Year</growthType>
<maxVolumes>9999999</maxVolumes>
<minVolumes>0</minVolumes>
<normalForm>Third</normalForm>
<attributes itemClass="oracle.dbtools.crest.model.design.logical.Attribute">
<Attribute name="quality_points" id="353D5FD5-8963-C9A8-5C50-E3648E7B4356">
<createdBy>manij</createdBy>
<createdTime>2025-03-24 00:44:14 UTC</createdTime>
<ownerDesignName>project 2 draft</ownerDesignName>
<engineerTo>
<item key="2A749666-092A-6E7F-F7C4-59D7F0327F31" value="true"/>
</engineerTo>
<useDomainConstraints>false</useDomainConstraints>
<use>1</use>
<logicalDatatype>LOGDT019</logicalDatatype>
<dataTypePrecision>10</dataTypePrecision>
<ownDataTypeParameters>,10,</ownDataTypeParameters>
</Attribute>
<Attribute name="user_id" id="EC1CE92B-EDE8-7A67-AA9C-3A8BED339DD9">
<createdBy>manij</createdBy>
<createdTime>2025-03-24 02:59:05 UTC</createdTime>
<generatorID>C0D39EBB-360A-AFB6-3EF7-A83592BF19B4</generatorID>
<ownerDesignName>project 2 draft</ownerDesignName>
<engineerTo>
<item key="2A749666-092A-6E7F-F7C4-59D7F0327F31" value="true"/>
</engineerTo>
<referedAttribute>8717C4CB-7324-BCC9-7A0D-42A4FD536BF8</referedAttribute>
<useDomainConstraints>false</useDomainConstraints>
<use>1</use>
<logicalDatatype>LOGDT019</logicalDatatype>
<dataTypePrecision>10</dataTypePrecision>
<ownDataTypeParameters>,10,</ownDataTypeParameters>
</Attribute>
</attributes>
<identifiers itemClass="oracle.dbtools.crest.model.design.logical.CandidateKey">
<identifier id="877FBBBA-36B5-8F26-E699-75C55EE3231F" name="quality PK">
<createdBy>manij</createdBy>
<createdTime>2025-03-24 01:14:13 UTC</createdTime>
<ownerDesignName>project 2 draft</ownerDesignName>
<shouldEngineer>false</shouldEngineer>
<engineerTo>
<item key="2A749666-092A-6E7F-F7C4-59D7F0327F31" value="false"/>
</engineerTo>
<pk>true</pk>
<usedAttributes>
<attributeRef>353D5FD5-8963-C9A8-5C50-E3648E7B4356</attributeRef>
<attributeRef>EC1CE92B-EDE8-7A67-AA9C-3A8BED339DD9</attributeRef>
</usedAttributes>
</identifier>
</identifiers>
</Entity>