<?xml version = '1.0' encoding = 'UTF-8'?>
<Entity class="oracle.dbtools.crest.model.design.logical.Entity" directorySegmentName="seg_0" id="AEB9FCEC-9687-5E79-CD2D-9A7444E06A94" name="main_food_data">
<createdBy>manij</createdBy>
<createdTime>2025-03-23 23:34:55 UTC</createdTime>
<ownerDesignName>project 2 draft</ownerDesignName>
<engineerTo>
<item key="2A749666-092A-6E7F-F7C4-59D7F0327F31" value="true"/>
</engineerTo>
<adequatelyNormalized>NO</adequatelyNormalized>
<expectedVolumes>0</expectedVolumes>
<fwdEngineeringStrategyName>Single Table</fwdEngineeringStrategyName>
<growthPercent>0</growthPercent>
<growthType>Year</growthType>
<maxVolumes>9999999</maxVolumes>
<minVolumes>0</minVolumes>
<normalForm>Third</normalForm>
<attributes itemClass="oracle.dbtools.crest.model.design.logical.Attribute">
<Attribute name="main_id" id="295DDD89-83EA-639C-CC6D-7282ECBD06BF">
<createdBy>manij</createdBy>
<createdTime>2025-03-23 23:36:40 UTC</createdTime>
<ownerDesignName>project 2 draft</ownerDesignName>
<engineerTo>
<item key="2A749666-092A-6E7F-F7C4-59D7F0327F31" value="true"/>
</engineerTo>
<useDomainConstraints>false</useDomainConstraints>
<use>1</use>
<logicalDatatype>LOGDT019</logicalDatatype>
<dataTypePrecision>10</dataTypePrecision>
<ownDataTypeParameters>,10,</ownDataTypeParameters>
</Attribute>
<Attribute name="total_quantity" id="06DB715B-E10E-8439-2276-7BF66E029C04">
<createdBy>manij</createdBy>
<createdTime>2025-03-23 23:38:22 UTC</createdTime>
<ownerDesignName>project 2 draft</ownerDesignName>
<engineerTo>
<item key="2A749666-092A-6E7F-F7C4-59D7F0327F31" value="true"/>
</engineerTo>
<useDomainConstraints>false</useDomainConstraints>
<use>1</use>
<logicalDatatype>LOGDT019</logicalDatatype>
<dataTypePrecision>10</dataTypePrecision>
<ownDataTypeParameters>,10,</ownDataTypeParameters>
</Attribute>
<Attribute name="unit_of_measure" id="F80E5CCC-27AA-D368-42C0-8C8FD5A7A3A9">
<createdBy>manij</createdBy>
<createdTime>2025-03-24 01:18:45 UTC</createdTime>
<ownerDesignName>project 2 draft</ownerDesignName>
<engineerTo>
<item key="2A749666-092A-6E7F-F7C4-59D7F0327F31" value="true"/>
</engineerTo>
<useDomainConstraints>false</useDomainConstraints>
<use>1</use>
<logicalDatatype>LOGDT024</logicalDatatype>
<dataTypeSize>10</dataTypeSize>
<ownDataTypeParameters>10,,</ownDataTypeParameters>
</Attribute>
<Attribute name="food_status" id="D9FE544E-D4E4-2EB4-8997-4C6965D1AAF5">
<createdBy>manij</createdBy>
<createdTime>2025-03-23 23:39:45 UTC</createdTime>
<ownerDesignName>project 2 draft</ownerDesignName>
<engineerTo>
<item key="2A749666-092A-6E7F-F7C4-59D7F0327F31" value="true"/>
</engineerTo>
<useDomainConstraints>false</useDomainConstraints>
<use>1</use>
<logicalDatatype>LOGDT024</logicalDatatype>
<dataTypeSize>10 CHAR</dataTypeSize>
<ownDataTypeParameters>10 CHAR,,</ownDataTypeParameters>
</Attribute>
<Attribute name="supplier_id" id="1061E5D2-8F63-FBC7-4D3D-23BC650E7807">
<createdBy>manij</createdBy>
<createdTime>2025-03-24 02:39:04 UTC</createdTime>
<generatorID>77EE253D-A1F4-97E5-EA6A-59705B8B7C43</generatorID>
<ownerDesignName>project 2 draft</ownerDesignName>
<engineerTo>
<item key="2A749666-092A-6E7F-F7C4-59D7F0327F31" value="true"/>
</engineerTo>
<referedAttribute>8FB11879-0E8D-02F0-E619-CE153AAD57A0</referedAttribute>
<useDomainConstraints>false</useDomainConstraints>
<use>1</use>
<logicalDatatype>LOGDT024</logicalDatatype>
<dataTypeSize>10</dataTypeSize>
<ownDataTypeParameters>,,</ownDataTypeParameters>
</Attribute>
</attributes>
<identifiers itemClass="oracle.dbtools.crest.model.design.logical.CandidateKey">
<identifier id="AB64D9DF-F7F9-B742-1135-CD01251E0D55" name="main_food_table PK">
<createdBy>manij</createdBy>
<createdTime>2025-03-23 23:38:20 UTC</createdTime>
<ownerDesignName>project 2 draft</ownerDesignName>
<shouldEngineer>false</shouldEngineer>
<engineerTo>
<item key="2A749666-092A-6E7F-F7C4-59D7F0327F31" value="false"/>
</engineerTo>
<pk>true</pk>
<usedAttributes>
<attributeRef>295DDD89-83EA-639C-CC6D-7282ECBD06BF</attributeRef>
</usedAttributes>
</identifier>
</identifiers>
</Entity>