<?xml version = '1.0' encoding = 'UTF-8'?>
<Table class="oracle.dbtools.crest.model.design.relational.Table" directorySegmentName="seg_0" id="2722E6BE-A3A0-EB2E-17A1-47215F8878AA" name="supplier">
<createdBy>manij</createdBy>
<createdTime>2025-03-24 02:29:37 UTC</createdTime>
<generatorID>05F747C1-28EB-8662-EC85-D2207DDFC17A</generatorID>
<ownerDesignName>project 2 draft</ownerDesignName>
<allowColumnReorder>false</allowColumnReorder>
<existDependencyGenerateInDDl>true</existDependencyGenerateInDDl>
<parsed>true</parsed>
<columns itemClass="oracle.dbtools.crest.model.design.relational.Column">
<Column name="supplier_id" id="64CC00CE-328C-E0A3-BD22-1A17E28B1476">
<createdBy>manij</createdBy>
<createdTime>2025-03-24 02:29:37 UTC</createdTime>
<generatorID>8FB11879-0E8D-02F0-E619-CE153AAD57A0</generatorID>
<ownerDesignName>project 2 draft</ownerDesignName>
<useDomainConstraints>false</useDomainConstraints>
<use>1</use>
<logicalDatatype>LOGDT024</logicalDatatype>
<dataTypeSize>10</dataTypeSize>
<ownDataTypeParameters>10,,</ownDataTypeParameters>
<autoIncrementCycle>false</autoIncrementCycle>
</Column>
<Column name="supplier_name" id="967966F1-33FD-F14A-A7B2-B02BB97D8F45">
<createdBy>manij</createdBy>
<createdTime>2025-03-24 02:29:37 UTC</createdTime>
<generatorID>4B6F48F4-F1E8-11E1-1E0E-834B1E6D82F1</generatorID>
<ownerDesignName>project 2 draft</ownerDesignName>
<useDomainConstraints>false</useDomainConstraints>
<use>1</use>
<logicalDatatype>LOGDT024</logicalDatatype>
<dataTypeSize>100</dataTypeSize>
<ownDataTypeParameters>100,,</ownDataTypeParameters>
<autoIncrementCycle>false</autoIncrementCycle>
</Column>
<Column name="food_name" id="F3335818-4F25-AB58-E14C-E1C21D8BF3EC">
<createdBy>manij</createdBy>
<createdTime>2025-03-24 02:29:37 UTC</createdTime>
<generatorID>48A5704B-C73B-7DC8-109A-683E83C1C75E</generatorID>
<ownerDesignName>project 2 draft</ownerDesignName>
<useDomainConstraints>false</useDomainConstraints>
<use>1</use>
<logicalDatatype>LOGDT024</logicalDatatype>
<dataTypeSize>100</dataTypeSize>
<ownDataTypeParameters>100,,</ownDataTypeParameters>
<autoIncrementCycle>false</autoIncrementCycle>
</Column>
<Column name="food_description" id="A2B06850-6F41-23E7-628B-E6BDD0982AE9">
<createdBy>manij</createdBy>
<createdTime>2025-03-24 02:29:37 UTC</createdTime>
<generatorID>894767FF-E694-B94B-FEA7-CC4E73C87704</generatorID>
<ownerDesignName>project 2 draft</ownerDesignName>
<useDomainConstraints>false</useDomainConstraints>
<use>1</use>
<logicalDatatype>LOGDT024</logicalDatatype>
<dataTypeSize>100</dataTypeSize>
<ownDataTypeParameters>100,,</ownDataTypeParameters>
<autoIncrementCycle>false</autoIncrementCycle>
</Column>
<Column name="quantity" id="6BC0EC52-4B92-6D77-10CB-5C49C3FB8B5E">
<createdBy>manij</createdBy>
<createdTime>2025-03-24 02:29:37 UTC</createdTime>
<generatorID>4D6EAF31-82A7-B2A7-9F05-08F58A583A20</generatorID>
<ownerDesignName>project 2 draft</ownerDesignName>
<useDomainConstraints>false</useDomainConstraints>
<use>1</use>
<logicalDatatype>LOGDT019</logicalDatatype>
<dataTypePrecision>10</dataTypePrecision>
<dataTypeScale>2</dataTypeScale>
<ownDataTypeParameters>,10,2</ownDataTypeParameters>
<autoIncrementCycle>false</autoIncrementCycle>
</Column>
<Column name="unit_of_measure" id="C360F2CB-3EDA-B791-9BFF-4000CC070B1D">
<createdBy>manij</createdBy>
<createdTime>2025-03-24 02:29:37 UTC</createdTime>
<generatorID>FB06FED3-1E24-CE61-75EB-E23AC329F726</generatorID>
<ownerDesignName>project 2 draft</ownerDesignName>
<useDomainConstraints>false</useDomainConstraints>
<use>1</use>
<logicalDatatype>LOGDT024</logicalDatatype>
<dataTypeSize>10</dataTypeSize>
<ownDataTypeParameters>10,,</ownDataTypeParameters>
<autoIncrementCycle>false</autoIncrementCycle>
</Column>
<Column name="food_prepared_time" id="80D18728-8498-D493-0B6C-8AFE70294CA4">
<createdBy>manij</createdBy>
<createdTime>2025-03-24 02:29:37 UTC</createdTime>
<generatorID>3ACBEFF0-F8FA-01C4-5D6D-E0CD5FCEB59D</generatorID>
<ownerDesignName>project 2 draft</ownerDesignName>
<useDomainConstraints>false</useDomainConstraints>
<use>1</use>
<logicalDatatype>LOGDT008</logicalDatatype>
<ownDataTypeParameters>,,</ownDataTypeParameters>
<autoIncrementCycle>false</autoIncrementCycle>
</Column>
<Column name="perishable_by" id="04C7B8C4-2F18-354C-2BBF-C9133B118417">
<createdBy>manij</createdBy>
<createdTime>2025-03-24 02:29:37 UTC</createdTime>
<generatorID>07946F69-6C87-BBA9-4F7D-5C4BEFE8BA1D</generatorID>
<ownerDesignName>project 2 draft</ownerDesignName>
<useDomainConstraints>false</useDomainConstraints>
<use>1</use>
<logicalDatatype>LOGDT008</logicalDatatype>
<ownDataTypeParameters>,,</ownDataTypeParameters>
<autoIncrementCycle>false</autoIncrementCycle>
</Column>
<Column name="user_details_user_id" id="00301FEE-B630-B07C-3C58-F5930B764136">
<createdBy>manij</createdBy>
<createdTime>2025-03-24 02:29:37 UTC</createdTime>
<generatorID>38ED2CB9-E804-95A3-0094-A2ADF1EE2FD5</generatorID>
<ownerDesignName>project 2 draft</ownerDesignName>
<useDomainConstraints>false</useDomainConstraints>
<use>1</use>
<logicalDatatype>LOGDT019</logicalDatatype>
<dataTypePrecision>10</dataTypePrecision>
<ownDataTypeParameters>,10,</ownDataTypeParameters>
<previousColumn>false</previousColumn>
<autoIncrementCycle>false</autoIncrementCycle>
<associations>
<colAssociation fkAssociation="342701B4-080C-F279-9460-484F44BFA639" referredColumn="E834060E-5AF3-D83D-945D-77C21BD68448"/>
</associations>
</Column>
<Column name="main_food_data_main_id" id="2A12ED20-86AB-8ADC-8953-FB888C454B8B">
<createdBy>manij</createdBy>
<createdTime>2025-03-24 03:13:17 UTC</createdTime>
<generatorID>616DC8A6-D417-7CE3-36CD-5DEE9A8EAA28</generatorID>
<ownerDesignName>project 2 draft</ownerDesignName>
<useDomainConstraints>false</useDomainConstraints>
<use>1</use>
<logicalDatatype>LOGDT019</logicalDatatype>
<ownDataTypeParameters>,,</ownDataTypeParameters>
<previousColumn>false</previousColumn>
<autoIncrementCycle>false</autoIncrementCycle>
</Column>
</columns>
<indexes itemClass="oracle.dbtools.crest.model.design.relational.Index">
<ind_PK_UK id="9CC4F236-E134-2881-AC86-49F1E8CEAABF" name="supplier_PK">
<createdBy>manij</createdBy>
<createdTime>2025-03-24 02:29:37 UTC</createdTime>
<generatorID>FF0A0B5F-29C5-64F9-D8ED-7BE162520DF0</generatorID>
<ownerDesignName>project 2 draft</ownerDesignName>
<pk>true</pk>
<indexState>Primary Constraint</indexState>
<isSurrogateKey>false</isSurrogateKey>
<indexColumnUsage>
<colUsage columnID="64CC00CE-328C-E0A3-BD22-1A17E28B1476"/>
</indexColumnUsage>
</ind_PK_UK>
<ind_PK_UK id="C39675F2-F505-6CCB-78A2-EB0D2B461697" name="supplier__IDX">
<createdBy>manij</createdBy>
<createdTime>2025-03-24 03:13:17 UTC</createdTime>
<ownerDesignName>project 2 draft</ownerDesignName>
<indexState>Unique Plain Index</indexState>
<isSurrogateKey>false</isSurrogateKey>
<relationGeneratorID>77EE253D-A1F4-97E5-EA6A-59705B8B7C43</relationGeneratorID>
<indexColumnUsage>
<colUsage columnID="2A12ED20-86AB-8ADC-8953-FB888C454B8B"/>
</indexColumnUsage>
</ind_PK_UK>
<ind_PK_UK id="6D8D3280-AABE-8FC6-2839-FFA3E711D68A" name="supplier_user_details_FK">
<createdBy>manij</createdBy>
<createdTime>2025-03-24 02:29:37 UTC</createdTime>
<generatorID>BF73CB8A-F514-24C8-74F8-286526AC8F3B</generatorID>
<ownerDesignName>project 2 draft</ownerDesignName>
<indexState>Foreign Key</indexState>
<isSurrogateKey>false</isSurrogateKey>
<indexColumnUsage>
<colUsage columnID="00301FEE-B630-B07C-3C58-F5930B764136"/>
</indexColumnUsage>
</ind_PK_UK>
</indexes>
</Table>