<?xml version = '1.0' encoding = 'UTF-8'?>
<Table class="oracle.dbtools.crest.model.design.relational.Table" directorySegmentName="seg_0" id="2DE852D3-80E2-DA3E-1A01-0412ED7C8E10" name="logistic">
<createdBy>manij</createdBy>
<createdTime>2025-03-24 02:29:37 UTC</createdTime>
<generatorID>6A83CD91-3495-361A-F30C-93F850945C02</generatorID>
<ownerDesignName>project 2 draft</ownerDesignName>
<allowColumnReorder>false</allowColumnReorder>
<existDependencyGenerateInDDl>true</existDependencyGenerateInDDl>
<parsed>true</parsed>
<columns itemClass="oracle.dbtools.crest.model.design.relational.Column">
<Column name="logistics_id" id="DCD0DFB8-8755-9330-2ACD-95425A62B3E5">
<createdBy>manij</createdBy>
<createdTime>2025-03-24 02:29:37 UTC</createdTime>
<generatorID>CE2B91A2-4034-6111-1658-366EB79F70EB</generatorID>
<ownerDesignName>project 2 draft</ownerDesignName>
<useDomainConstraints>false</useDomainConstraints>
<use>1</use>
<logicalDatatype>LOGDT019</logicalDatatype>
<dataTypePrecision>10</dataTypePrecision>
<ownDataTypeParameters>,10,</ownDataTypeParameters>
<autoIncrementCycle>false</autoIncrementCycle>
</Column>
<Column name="driver" id="29BFF405-F116-CE74-E86E-D14567C48FDD">
<createdBy>manij</createdBy>
<createdTime>2025-03-24 02:29:37 UTC</createdTime>
<generatorID>3DAE1EAC-3325-5284-7AA8-733392847C69</generatorID>
<ownerDesignName>project 2 draft</ownerDesignName>
<useDomainConstraints>false</useDomainConstraints>
<use>1</use>
<logicalDatatype>LOGDT024</logicalDatatype>
<dataTypeSize>100 CHAR</dataTypeSize>
<ownDataTypeParameters>100 CHAR,,</ownDataTypeParameters>
<autoIncrementCycle>false</autoIncrementCycle>
</Column>
<Column name="delivery_status" id="E504273C-2EF7-BB23-7822-4B9EED38396D">
<createdBy>manij</createdBy>
<createdTime>2025-03-24 02:29:37 UTC</createdTime>
<commentInRDBMS><![CDATA[true = delivered
false = not delivered]]></commentInRDBMS>
<generatorID>311C8992-5EEF-90EE-DBE3-64B6915AEFC6</generatorID>
<ownerDesignName>project 2 draft</ownerDesignName>
<useDomainConstraints>false</useDomainConstraints>
<use>1</use>
<logicalDatatype>LOGDT006</logicalDatatype>
<dataTypeSize>1</dataTypeSize>
<ownDataTypeParameters>1,,</ownDataTypeParameters>
<autoIncrementCycle>false</autoIncrementCycle>
</Column>
<Column name="ngo_request_ngo_request_id" id="B5A9909F-5161-FD52-D30A-E87334CB0507">
<createdBy>manij</createdBy>
<createdTime>2025-03-24 02:29:37 UTC</createdTime>
<generatorID>01A5DCB6-76FA-07C8-F8CB-991C98D6E3A4</generatorID>
<ownerDesignName>project 2 draft</ownerDesignName>
<useDomainConstraints>false</useDomainConstraints>
<use>1</use>
<logicalDatatype>LOGDT019</logicalDatatype>
<dataTypePrecision>10</dataTypePrecision>
<ownDataTypeParameters>,,</ownDataTypeParameters>
<previousColumn>false</previousColumn>
<autoIncrementCycle>false</autoIncrementCycle>
<associations>
<colAssociation fkAssociation="BD7C39CC-2D5A-3D99-C490-9E224C25FDC5" referredColumn="87F3659F-17CA-C528-7A7D-DB4E0DB4B40A"/>
</associations>
</Column>
<Column name="user_details_user_id" id="344814DA-34E8-31AB-509C-EC0CE92CC9B0">
<createdBy>manij</createdBy>
<createdTime>2025-03-24 03:13:17 UTC</createdTime>
<generatorID>2E45BBE3-9082-9C17-0A6B-7935F2937A7B</generatorID>
<ownerDesignName>project 2 draft</ownerDesignName>
<useDomainConstraints>false</useDomainConstraints>
<use>1</use>
<logicalDatatype>LOGDT019</logicalDatatype>
<dataTypePrecision>10</dataTypePrecision>
<ownDataTypeParameters>,,</ownDataTypeParameters>
<previousColumn>false</previousColumn>
<autoIncrementCycle>false</autoIncrementCycle>
<associations>
<colAssociation fkAssociation="2B0B36F4-3A35-A75D-DBA4-2B71039912D7" referredColumn="E834060E-5AF3-D83D-945D-77C21BD68448"/>
</associations>
</Column>
<Column name="quality_quality_points" id="B20ECF95-FB2F-3A2C-51BD-D38E95A99218">
<createdBy>manij</createdBy>
<createdTime>2025-03-24 03:13:17 UTC</createdTime>
<generatorID>2378F1AC-66A1-71A6-194F-E9CA85FA0491</generatorID>
<ownerDesignName>project 2 draft</ownerDesignName>
<useDomainConstraints>false</useDomainConstraints>
<use>1</use>
<logicalDatatype>LOGDT019</logicalDatatype>
<dataTypePrecision>10</dataTypePrecision>
<ownDataTypeParameters>,,</ownDataTypeParameters>
<previousColumn>false</previousColumn>
<autoIncrementCycle>false</autoIncrementCycle>
<associations>
<colAssociation fkAssociation="039945B5-6043-7A6E-EDDB-12522BC1CA6B" referredColumn="AE18D4A4-87FA-A3FE-194E-A565079FA058"/>
</associations>
</Column>
<Column name="user_id1" id="2C995CFD-67AE-4B30-CA50-B417AEE2CE4F">
<createdBy>manij</createdBy>
<createdTime>2025-03-24 08:09:01 UTC</createdTime>
<generatorID>BF45AB2E-CFDF-6C8D-C702-2AA9F248A38D</generatorID>
<ownerDesignName>project 2 draft</ownerDesignName>
<useDomainConstraints>false</useDomainConstraints>
<use>1</use>
<logicalDatatype>LOGDT019</logicalDatatype>
<ownDataTypeParameters>,,</ownDataTypeParameters>
<previousColumn>false</previousColumn>
<autoIncrementCycle>false</autoIncrementCycle>
</Column>
</columns>
<indexes itemClass="oracle.dbtools.crest.model.design.relational.Index">
<ind_PK_UK id="92D0794E-E2BC-7180-0A33-0CF3B4AD40B7" name="logistic_PK">
<createdBy>manij</createdBy>
<createdTime>2025-03-24 02:29:37 UTC</createdTime>
<generatorID>F5696823-FE49-31C9-4034-9496E59B58CD</generatorID>
<ownerDesignName>project 2 draft</ownerDesignName>
<pk>true</pk>
<indexState>Primary Constraint</indexState>
<isSurrogateKey>false</isSurrogateKey>
<indexColumnUsage>
<colUsage columnID="DCD0DFB8-8755-9330-2ACD-95425A62B3E5"/>
</indexColumnUsage>
</ind_PK_UK>
<ind_PK_UK id="CB39B5DA-74AC-8E24-2AB8-FD16330044D8" name="logistic__IDX">
<createdBy>manij</createdBy>
<createdTime>2025-03-24 02:29:37 UTC</createdTime>
<ownerDesignName>project 2 draft</ownerDesignName>
<indexState>Unique Plain Index</indexState>
<isSurrogateKey>false</isSurrogateKey>
<relationGeneratorID>FBEB6A67-6954-2BCC-B62A-0B8BCA874914</relationGeneratorID>
<indexColumnUsage>
<colUsage columnID="B5A9909F-5161-FD52-D30A-E87334CB0507"/>
</indexColumnUsage>
</ind_PK_UK>
<ind_PK_UK id="B36C93DD-AEFC-0E9D-EF49-7DDB38B36B85" name="logistic_quality_FK">
<createdBy>manij</createdBy>
<createdTime>2025-03-24 03:13:17 UTC</createdTime>
<generatorID>C75654AE-0278-BD9B-B63B-1984941280FC</generatorID>
<ownerDesignName>project 2 draft</ownerDesignName>
<indexState>Foreign Key</indexState>
<isSurrogateKey>false</isSurrogateKey>
<indexColumnUsage>
<colUsage columnID="B20ECF95-FB2F-3A2C-51BD-D38E95A99218"/>
</indexColumnUsage>
</ind_PK_UK>
<ind_PK_UK id="ECA0D0C5-22FB-12CA-6883-5635A143012F" name="logistic_user_details_FK">
<createdBy>manij</createdBy>
<createdTime>2025-03-24 03:13:17 UTC</createdTime>
<generatorID>A6C8C2B5-584C-9109-5641-BDE6C38B2277</generatorID>
<ownerDesignName>project 2 draft</ownerDesignName>
<indexState>Foreign Key</indexState>
<isSurrogateKey>false</isSurrogateKey>
<indexColumnUsage>
<colUsage columnID="344814DA-34E8-31AB-509C-EC0CE92CC9B0"/>
</indexColumnUsage>
</ind_PK_UK>
<ind_PK_UK id="A0FBDB0F-74E8-18A2-8D9D-A3D3757A8F48" name="logistic_ngo_request_FK">
<createdBy>manij</createdBy>
<createdTime>2025-03-24 06:33:09 UTC</createdTime>
<generatorID>FBEB6A67-6954-2BCC-B62A-0B8BCA874914</generatorID>
<ownerDesignName>project 2 draft</ownerDesignName>
<indexState>Foreign Key</indexState>
<isSurrogateKey>false</isSurrogateKey>
<indexColumnUsage>
<colUsage columnID="B5A9909F-5161-FD52-D30A-E87334CB0507"/>
</indexColumnUsage>
</ind_PK_UK>
</indexes>
</Table>