<?xml version = '1.0' encoding = 'UTF-8'?>
<Table class="oracle.dbtools.crest.model.design.relational.Table" directorySegmentName="seg_0" id="6F595E75-E0C5-1BA3-05F0-90675F6C580E" name="ngo_request">
<createdBy>manij</createdBy>
<createdTime>2025-03-24 02:29:37 UTC</createdTime>
<generatorID>2BE96F1B-A535-5330-1E96-6096DE29EB68</generatorID>
<ownerDesignName>project 2 draft</ownerDesignName>
<allowColumnReorder>false</allowColumnReorder>
<existDependencyGenerateInDDl>true</existDependencyGenerateInDDl>
<parsed>true</parsed>
<columns itemClass="oracle.dbtools.crest.model.design.relational.Column">
<Column name="ngo_request_id" id="87F3659F-17CA-C528-7A7D-DB4E0DB4B40A">
<createdBy>manij</createdBy>
<createdTime>2025-03-24 02:29:37 UTC</createdTime>
<generatorID>B67DE0C6-A4E7-AADD-CE9A-DC94717721F3</generatorID>
<ownerDesignName>project 2 draft</ownerDesignName>
<useDomainConstraints>false</useDomainConstraints>
<use>1</use>
<logicalDatatype>LOGDT019</logicalDatatype>
<dataTypePrecision>10</dataTypePrecision>
<ownDataTypeParameters>,10,</ownDataTypeParameters>
<autoIncrementCycle>false</autoIncrementCycle>
</Column>
<Column name="food_quantity" id="69397597-2BD0-0DBE-C785-09D299C877CA">
<createdBy>manij</createdBy>
<createdTime>2025-03-24 02:29:37 UTC</createdTime>
<generatorID>BF4861A8-3D70-3DC5-9FE0-D4C669247809</generatorID>
<ownerDesignName>project 2 draft</ownerDesignName>
<useDomainConstraints>false</useDomainConstraints>
<use>1</use>
<logicalDatatype>LOGDT019</logicalDatatype>
<dataTypePrecision>10</dataTypePrecision>
<ownDataTypeParameters>,10,</ownDataTypeParameters>
<autoIncrementCycle>false</autoIncrementCycle>
</Column>
<Column name="unit_of_measure_request" id="0206AD79-8D75-4FDE-0934-D090EF43F876">
<createdBy>manij</createdBy>
<createdTime>2025-03-24 02:29:37 UTC</createdTime>
<generatorID>CB3C7BEE-26EA-BE04-241B-42010BD45970</generatorID>
<ownerDesignName>project 2 draft</ownerDesignName>
<useDomainConstraints>false</useDomainConstraints>
<use>1</use>
<logicalDatatype>LOGDT024</logicalDatatype>
<dataTypeSize>10</dataTypeSize>
<ownDataTypeParameters>10,,</ownDataTypeParameters>
<autoIncrementCycle>false</autoIncrementCycle>
</Column>
<Column name="ngo_request_status" id="154EC93D-0B8F-3757-87E4-1A13CC6D06D5">
<createdBy>manij</createdBy>
<createdTime>2025-03-24 02:29:37 UTC</createdTime>
<commentInRDBMS><![CDATA[True = available
False = not available]]></commentInRDBMS>
<generatorID>1A1D18AD-626B-0628-A126-9AF3413A7514</generatorID>
<ownerDesignName>project 2 draft</ownerDesignName>
<useDomainConstraints>false</useDomainConstraints>
<use>1</use>
<logicalDatatype>LOGDT006</logicalDatatype>
<dataTypeSize>10 CHAR</dataTypeSize>
<ownDataTypeParameters>10 CHAR,,</ownDataTypeParameters>
<autoIncrementCycle>false</autoIncrementCycle>
</Column>
<Column name="user_details_user_id" id="E349E333-EB2B-E72B-5B14-8954D0EE2EE4">
<createdBy>manij</createdBy>
<createdTime>2025-03-24 02:29:37 UTC</createdTime>
<generatorID>6B0080E1-D065-D4A6-1D23-3FA26B4DA0FA</generatorID>
<ownerDesignName>project 2 draft</ownerDesignName>
<useDomainConstraints>false</useDomainConstraints>
<use>1</use>
<logicalDatatype>LOGDT019</logicalDatatype>
<dataTypePrecision>10</dataTypePrecision>
<ownDataTypeParameters>,10,</ownDataTypeParameters>
<previousColumn>false</previousColumn>
<autoIncrementCycle>false</autoIncrementCycle>
<associations>
<colAssociation fkAssociation="241F4CD1-1D47-CD65-D680-20CAB7AD4DC1" referredColumn="E834060E-5AF3-D83D-945D-77C21BD68448"/>
</associations>
</Column>
<Column name="logistic_logistics_id" id="CB29C30B-DC79-EA14-BD74-137B0C6A0386">
<createdBy>manij</createdBy>
<createdTime>2025-03-24 02:29:37 UTC</createdTime>
<generatorID>A54A6CF8-2CC1-AF05-7456-D1E6D90A11B4</generatorID>
<ownerDesignName>project 2 draft</ownerDesignName>
<useDomainConstraints>false</useDomainConstraints>
<use>1</use>
<logicalDatatype>LOGDT019</logicalDatatype>
<ownDataTypeParameters>,,</ownDataTypeParameters>
<previousColumn>false</previousColumn>
<autoIncrementCycle>false</autoIncrementCycle>
</Column>
<Column name="main_food_data_main_id" id="0574D3E3-96EA-7A92-3508-0BD5B47B1743">
<createdBy>manij</createdBy>
<createdTime>2025-03-24 03:13:17 UTC</createdTime>
<generatorID>8F6A01A6-685D-85B2-FCCB-1DA56B9B23FB</generatorID>
<ownerDesignName>project 2 draft</ownerDesignName>
<useDomainConstraints>false</useDomainConstraints>
<use>1</use>
<logicalDatatype>LOGDT019</logicalDatatype>
<dataTypePrecision>10</dataTypePrecision>
<ownDataTypeParameters>,10,</ownDataTypeParameters>
<previousColumn>false</previousColumn>
<autoIncrementCycle>false</autoIncrementCycle>
<associations>
<colAssociation fkAssociation="88A420BD-A2DC-FC47-6C72-0DF8F7E67D43" referredColumn="7771C5E8-D269-C250-F888-F04ACF8AF0D9"/>
</associations>
</Column>
<Column name="user_id1" id="73DDB1DD-CBE4-4FF3-E578-440453FCB764">
<createdBy>manij</createdBy>
<createdTime>2025-03-24 03:13:17 UTC</createdTime>
<generatorID>53D5BD5F-3D58-9F12-AA1A-D9776A83B578</generatorID>
<ownerDesignName>project 2 draft</ownerDesignName>
<useDomainConstraints>false</useDomainConstraints>
<use>1</use>
<logicalDatatype>LOGDT019</logicalDatatype>
<ownDataTypeParameters>,,</ownDataTypeParameters>
<previousColumn>false</previousColumn>
<autoIncrementCycle>false</autoIncrementCycle>
</Column>
</columns>
<indexes itemClass="oracle.dbtools.crest.model.design.relational.Index">
<ind_PK_UK id="2758CAE7-5F12-6616-B493-0F354DB53B59" name="ngo_request_PK">
<createdBy>manij</createdBy>
<createdTime>2025-03-24 02:29:37 UTC</createdTime>
<generatorID>67FEAC45-9D20-C78A-5EFA-8EA901AA46B9</generatorID>
<ownerDesignName>project 2 draft</ownerDesignName>
<pk>true</pk>
<indexState>Primary Constraint</indexState>
<isSurrogateKey>false</isSurrogateKey>
<indexColumnUsage>
<colUsage columnID="87F3659F-17CA-C528-7A7D-DB4E0DB4B40A"/>
</indexColumnUsage>
</ind_PK_UK>
<ind_PK_UK id="F6239520-451F-CC38-DDF6-66CC4A113178" name="ngo_request__IDX">
<createdBy>manij</createdBy>
<createdTime>2025-03-24 02:29:37 UTC</createdTime>
<ownerDesignName>project 2 draft</ownerDesignName>
<indexState>Unique Plain Index</indexState>
<isSurrogateKey>false</isSurrogateKey>
<relationGeneratorID>FBEB6A67-6954-2BCC-B62A-0B8BCA874914</relationGeneratorID>
<indexColumnUsage>
<colUsage columnID="CB29C30B-DC79-EA14-BD74-137B0C6A0386"/>
</indexColumnUsage>
</ind_PK_UK>
<ind_PK_UK id="7379A6DA-7F86-AC7E-C973-5DA40963C153" name="ngo_request_user_details_FK">
<createdBy>manij</createdBy>
<createdTime>2025-03-24 02:29:37 UTC</createdTime>
<generatorID>C83E94B9-A11D-3A31-C92C-41570BD98F29</generatorID>
<ownerDesignName>project 2 draft</ownerDesignName>
<indexState>Foreign Key</indexState>
<isSurrogateKey>false</isSurrogateKey>
<indexColumnUsage>
<colUsage columnID="E349E333-EB2B-E72B-5B14-8954D0EE2EE4"/>
</indexColumnUsage>
</ind_PK_UK>
<ind_PK_UK id="B96207D6-5343-CD02-F646-B38BE82D0E30" name="ngo_request_main_food_data_FK">
<createdBy>manij</createdBy>
<createdTime>2025-03-24 03:13:17 UTC</createdTime>
<generatorID>97D577F5-2E4D-7057-DB66-ACA3B77AA70A</generatorID>
<ownerDesignName>project 2 draft</ownerDesignName>
<indexState>Foreign Key</indexState>
<isSurrogateKey>false</isSurrogateKey>
<indexColumnUsage>
<colUsage columnID="0574D3E3-96EA-7A92-3508-0BD5B47B1743"/>
</indexColumnUsage>
</ind_PK_UK>
</indexes>
</Table>