<?xml version = '1.0' encoding = 'UTF-8'?>
<Table class="oracle.dbtools.crest.model.design.relational.Table" directorySegmentName="seg_0" id="738B9F0B-78D4-AE0D-E048-BD6F5D866101" name="quality">
<createdBy>manij</createdBy>
<createdTime>2025-03-24 02:29:37 UTC</createdTime>
<generatorID>862406B0-BD3A-AAE4-62B9-21E9ADF9737E</generatorID>
<ownerDesignName>project 2 draft</ownerDesignName>
<allowColumnReorder>false</allowColumnReorder>
<existDependencyGenerateInDDl>true</existDependencyGenerateInDDl>
<parsed>true</parsed>
<columns itemClass="oracle.dbtools.crest.model.design.relational.Column">
<Column name="quality_points" id="AE18D4A4-87FA-A3FE-194E-A565079FA058">
<createdBy>manij</createdBy>
<createdTime>2025-03-24 02:29:37 UTC</createdTime>
<generatorID>353D5FD5-8963-C9A8-5C50-E3648E7B4356</generatorID>
<ownerDesignName>project 2 draft</ownerDesignName>
<useDomainConstraints>false</useDomainConstraints>
<use>1</use>
<logicalDatatype>LOGDT019</logicalDatatype>
<dataTypePrecision>10</dataTypePrecision>
<ownDataTypeParameters>,10,</ownDataTypeParameters>
<autoIncrementCycle>false</autoIncrementCycle>
</Column>
<Column name="user_details_user_id" id="A248F649-AE4C-12DE-2B99-CC237866A041">
<createdBy>manij</createdBy>
<createdTime>2025-03-24 03:13:17 UTC</createdTime>
<generatorID>EC1CE92B-EDE8-7A67-AA9C-3A8BED339DD9</generatorID>
<ownerDesignName>project 2 draft</ownerDesignName>
<useDomainConstraints>false</useDomainConstraints>
<use>1</use>
<logicalDatatype>LOGDT019</logicalDatatype>
<dataTypePrecision>10</dataTypePrecision>
<ownDataTypeParameters>,10,</ownDataTypeParameters>
<previousColumn>false</previousColumn>
<autoIncrementCycle>false</autoIncrementCycle>
<associations>
<colAssociation fkAssociation="91935D15-0872-1057-035C-85F3BC57B660" referredColumn="E834060E-5AF3-D83D-945D-77C21BD68448"/>
</associations>
</Column>
</columns>
<indexes itemClass="oracle.dbtools.crest.model.design.relational.Index">
<ind_PK_UK id="6F6E38C9-EF07-226E-7792-5601DC82FF18" name="quality_PK">
<createdBy>manij</createdBy>
<createdTime>2025-03-24 02:29:37 UTC</createdTime>
<generatorID>877FBBBA-36B5-8F26-E699-75C55EE3231F</generatorID>
<ownerDesignName>project 2 draft</ownerDesignName>
<pk>true</pk>
<indexState>Primary Constraint</indexState>
<isSurrogateKey>false</isSurrogateKey>
<indexColumnUsage>
<colUsage columnID="AE18D4A4-87FA-A3FE-194E-A565079FA058"/>
</indexColumnUsage>
</ind_PK_UK>
<ind_PK_UK id="AC3C5B1E-CB0F-206E-A868-2B24D501F376" name="quality_user_details_FK">
<createdBy>manij</createdBy>
<createdTime>2025-03-24 03:13:17 UTC</createdTime>
<generatorID>C0D39EBB-360A-AFB6-3EF7-A83592BF19B4</generatorID>
<ownerDesignName>project 2 draft</ownerDesignName>
<indexState>Foreign Key</indexState>
<isSurrogateKey>false</isSurrogateKey>
<indexColumnUsage>
<colUsage columnID="A248F649-AE4C-12DE-2B99-CC237866A041"/>
</indexColumnUsage>
</ind_PK_UK>
</indexes>
</Table>