<?xml version = '1.0' encoding = 'UTF-8'?>
<Table class="oracle.dbtools.crest.model.design.relational.Table" directorySegmentName="seg_0" id="A67F763B-EF8F-B300-3AA0-48B47F635501" name="main_food_data">
<createdBy>manij</createdBy>
<createdTime>2025-03-24 02:29:37 UTC</createdTime>
<generatorID>AEB9FCEC-9687-5E79-CD2D-9A7444E06A94</generatorID>
<ownerDesignName>project 2 draft</ownerDesignName>
<allowColumnReorder>false</allowColumnReorder>
<existDependencyGenerateInDDl>true</existDependencyGenerateInDDl>
<parsed>true</parsed>
<columns itemClass="oracle.dbtools.crest.model.design.relational.Column">
<Column name="main_id" id="7771C5E8-D269-C250-F888-F04ACF8AF0D9">
<createdBy>manij</createdBy>
<createdTime>2025-03-24 02:29:37 UTC</createdTime>
<generatorID>295DDD89-83EA-639C-CC6D-7282ECBD06BF</generatorID>
<ownerDesignName>project 2 draft</ownerDesignName>
<useDomainConstraints>false</useDomainConstraints>
<use>1</use>
<logicalDatatype>LOGDT019</logicalDatatype>
<dataTypePrecision>10</dataTypePrecision>
<ownDataTypeParameters>,10,</ownDataTypeParameters>
<autoIncrementCycle>false</autoIncrementCycle>
</Column>
<Column name="total_quantity" id="5D8CDA96-2F23-4198-4EC4-F669FF370A52">
<createdBy>manij</createdBy>
<createdTime>2025-03-24 02:29:37 UTC</createdTime>
<generatorID>06DB715B-E10E-8439-2276-7BF66E029C04</generatorID>
<ownerDesignName>project 2 draft</ownerDesignName>
<useDomainConstraints>false</useDomainConstraints>
<use>1</use>
<logicalDatatype>LOGDT019</logicalDatatype>
<dataTypePrecision>10</dataTypePrecision>
<ownDataTypeParameters>,10,</ownDataTypeParameters>
<autoIncrementCycle>false</autoIncrementCycle>
</Column>
<Column name="unit_of_measure" id="E69BB49A-90EA-8B76-E7B1-625D823CB765">
<createdBy>manij</createdBy>
<createdTime>2025-03-24 02:29:37 UTC</createdTime>
<generatorID>F80E5CCC-27AA-D368-42C0-8C8FD5A7A3A9</generatorID>
<ownerDesignName>project 2 draft</ownerDesignName>
<useDomainConstraints>false</useDomainConstraints>
<use>1</use>
<logicalDatatype>LOGDT024</logicalDatatype>
<dataTypeSize>10</dataTypeSize>
<ownDataTypeParameters>10,,</ownDataTypeParameters>
<autoIncrementCycle>false</autoIncrementCycle>
</Column>
<Column name="food_status" id="90A2FFEC-AE39-6DBD-77CD-DFAFA3D91FB5">
<createdBy>manij</createdBy>
<createdTime>2025-03-24 02:29:37 UTC</createdTime>
<generatorID>D9FE544E-D4E4-2EB4-8997-4C6965D1AAF5</generatorID>
<ownerDesignName>project 2 draft</ownerDesignName>
<useDomainConstraints>false</useDomainConstraints>
<use>1</use>
<logicalDatatype>LOGDT024</logicalDatatype>
<dataTypeSize>10 CHAR</dataTypeSize>
<ownDataTypeParameters>10 CHAR,,</ownDataTypeParameters>
<autoIncrementCycle>false</autoIncrementCycle>
</Column>
<Column name="supplier_supplier_id" id="F2F573B9-08D9-C6B3-7F42-6F864FF03757">
<createdBy>manij</createdBy>
<createdTime>2025-03-24 02:39:22 UTC</createdTime>
<generatorID>1061E5D2-8F63-FBC7-4D3D-23BC650E7807</generatorID>
<ownerDesignName>project 2 draft</ownerDesignName>
<useDomainConstraints>false</useDomainConstraints>
<use>1</use>
<logicalDatatype>LOGDT024</logicalDatatype>
<dataTypeSize>10</dataTypeSize>
<ownDataTypeParameters>,,</ownDataTypeParameters>
<previousColumn>false</previousColumn>
<autoIncrementCycle>false</autoIncrementCycle>
<associations>
<colAssociation fkAssociation="67A36991-2BCA-3535-49EB-6D34951067DA" referredColumn="64CC00CE-328C-E0A3-BD22-1A17E28B1476"/>
</associations>
</Column>
</columns>
<indexes itemClass="oracle.dbtools.crest.model.design.relational.Index">
<ind_PK_UK id="1A9A4C32-B844-4B50-BF7A-631AC73B23C7" name="main_food_data_PK">
<createdBy>manij</createdBy>
<createdTime>2025-03-24 02:29:37 UTC</createdTime>
<generatorID>AB64D9DF-F7F9-B742-1135-CD01251E0D55</generatorID>
<ownerDesignName>project 2 draft</ownerDesignName>
<pk>true</pk>
<indexState>Primary Constraint</indexState>
<isSurrogateKey>false</isSurrogateKey>
<indexColumnUsage>
<colUsage columnID="7771C5E8-D269-C250-F888-F04ACF8AF0D9"/>
</indexColumnUsage>
</ind_PK_UK>
<ind_PK_UK id="922BDE4D-A966-86A6-CFAF-7275DB2254A3" name="main_food_data__IDX">
<createdBy>manij</createdBy>
<createdTime>2025-03-24 03:13:17 UTC</createdTime>
<ownerDesignName>project 2 draft</ownerDesignName>
<indexState>Unique Plain Index</indexState>
<isSurrogateKey>false</isSurrogateKey>
<relationGeneratorID>77EE253D-A1F4-97E5-EA6A-59705B8B7C43</relationGeneratorID>
<indexColumnUsage>
<colUsage columnID="F2F573B9-08D9-C6B3-7F42-6F864FF03757"/>
</indexColumnUsage>
</ind_PK_UK>
<ind_PK_UK id="0E59FB4F-CA8A-850D-A8CD-85200FAF2B3A" name="main_food_data_supplier_FK">
<createdBy>manij</createdBy>
<createdTime>2025-03-24 03:19:56 UTC</createdTime>
<generatorID>77EE253D-A1F4-97E5-EA6A-59705B8B7C43</generatorID>
<ownerDesignName>project 2 draft</ownerDesignName>
<indexState>Foreign Key</indexState>
<isSurrogateKey>false</isSurrogateKey>
<indexColumnUsage>
<colUsage columnID="F2F573B9-08D9-C6B3-7F42-6F864FF03757"/>
</indexColumnUsage>
</ind_PK_UK>
</indexes>
</Table>