<?xml version = '1.0' encoding = 'UTF-8'?>
<Table class="oracle.dbtools.crest.model.design.relational.Table" directorySegmentName="seg_0" id="EADEC5A5-3337-372E-65A4-968155923725" name="user_details">
<createdBy>manij</createdBy>
<createdTime>2025-03-24 02:29:37 UTC</createdTime>
<generatorID>8C327D30-5972-8959-7C5C-F5CBEBC79184</generatorID>
<ownerDesignName>project 2 draft</ownerDesignName>
<allowColumnReorder>false</allowColumnReorder>
<existDependencyGenerateInDDl>true</existDependencyGenerateInDDl>
<parsed>true</parsed>
<columns itemClass="oracle.dbtools.crest.model.design.relational.Column">
<Column name="user_id" id="E834060E-5AF3-D83D-945D-77C21BD68448">
<createdBy>manij</createdBy>
<createdTime>2025-03-24 02:29:37 UTC</createdTime>
<generatorID>8717C4CB-7324-BCC9-7A0D-42A4FD536BF8</generatorID>
<ownerDesignName>project 2 draft</ownerDesignName>
<useDomainConstraints>false</useDomainConstraints>
<use>1</use>
<logicalDatatype>LOGDT019</logicalDatatype>
<dataTypePrecision>10</dataTypePrecision>
<ownDataTypeParameters>,10,</ownDataTypeParameters>
<autoIncrementCycle>false</autoIncrementCycle>
</Column>
<Column name="user_name" id="28E154DF-C73A-973A-4B13-5E5C41553CA3">
<createdBy>manij</createdBy>
<createdTime>2025-03-24 02:29:37 UTC</createdTime>
<generatorID>1A366E67-4EE6-DA21-A614-B36ECFFD2AA5</generatorID>
<ownerDesignName>project 2 draft</ownerDesignName>
<useDomainConstraints>false</useDomainConstraints>
<use>1</use>
<logicalDatatype>LOGDT024</logicalDatatype>
<dataTypeSize>100 CHAR</dataTypeSize>
<ownDataTypeParameters>100 CHAR,,</ownDataTypeParameters>
<autoIncrementCycle>false</autoIncrementCycle>
</Column>
<Column name="password" id="A77AD4DC-F47D-CBF4-3198-679E48063E12">
<createdBy>manij</createdBy>
<createdTime>2025-03-24 02:29:37 UTC</createdTime>
<generatorID>066CD010-6054-2753-F4D9-6B1A222E2D1E</generatorID>
<ownerDesignName>project 2 draft</ownerDesignName>
<useDomainConstraints>false</useDomainConstraints>
<use>1</use>
<logicalDatatype>LOGDT024</logicalDatatype>
<dataTypeSize>100 CHAR</dataTypeSize>
<ownDataTypeParameters>100 CHAR,,</ownDataTypeParameters>
<autoIncrementCycle>false</autoIncrementCycle>
</Column>
<Column name="first_name" id="E64FC3C7-FB99-94C3-66C5-16BA3B28B7C1">
<createdBy>manij</createdBy>
<createdTime>2025-03-24 02:29:37 UTC</createdTime>
<generatorID>DFC6EC43-D085-92ED-F23B-527594B5C8D4</generatorID>
<ownerDesignName>project 2 draft</ownerDesignName>
<useDomainConstraints>false</useDomainConstraints>
<use>1</use>
<logicalDatatype>LOGDT024</logicalDatatype>
<dataTypeSize>100 CHAR</dataTypeSize>
<ownDataTypeParameters>100 CHAR,,</ownDataTypeParameters>
<autoIncrementCycle>false</autoIncrementCycle>
</Column>
<Column name="last_name" id="99D9122D-00AC-1EB7-D118-E4688C31427D">
<createdBy>manij</createdBy>
<createdTime>2025-03-24 02:29:37 UTC</createdTime>
<generatorID>7ED7B421-351D-F786-5538-0847046147A2</generatorID>
<ownerDesignName>project 2 draft</ownerDesignName>
<useDomainConstraints>false</useDomainConstraints>
<use>1</use>
<logicalDatatype>LOGDT024</logicalDatatype>
<dataTypeSize>100 CHAR</dataTypeSize>
<ownDataTypeParameters>100 CHAR,,</ownDataTypeParameters>
<autoIncrementCycle>false</autoIncrementCycle>
</Column>
<Column name="Address" id="C50AAFD8-B584-9B17-0A3C-E8970412007B">
<createdBy>manij</createdBy>
<createdTime>2025-03-24 02:29:37 UTC</createdTime>
<generatorID>08663240-A4E3-AA45-C3F9-0CC18446997B</generatorID>
<ownerDesignName>project 2 draft</ownerDesignName>
<useDomainConstraints>false</useDomainConstraints>
<use>1</use>
<logicalDatatype>LOGDT024</logicalDatatype>
<dataTypeSize>100 CHAR</dataTypeSize>
<ownDataTypeParameters>100 CHAR,,</ownDataTypeParameters>
<autoIncrementCycle>false</autoIncrementCycle>
</Column>
<Column name="contact_number" id="5D1E67CA-D203-3748-46D7-64E9A4CFE8AD">
<createdBy>manij</createdBy>
<createdTime>2025-03-24 02:29:37 UTC</createdTime>
<generatorID>8C899220-1A16-1606-3F69-6FEEA53A2219</generatorID>
<ownerDesignName>project 2 draft</ownerDesignName>
<useDomainConstraints>false</useDomainConstraints>
<use>1</use>
<logicalDatatype>LOGDT019</logicalDatatype>
<dataTypePrecision>10</dataTypePrecision>
<ownDataTypeParameters>,10,</ownDataTypeParameters>
<autoIncrementCycle>false</autoIncrementCycle>
</Column>
<Column name="user_role_role_id" id="E9356A1D-947E-8558-A1E6-BEBAFF6FC85C">
<createdBy>manij</createdBy>
<createdTime>2025-03-24 02:29:37 UTC</createdTime>
<generatorID>08E07523-D3E4-81A8-C2EC-7D094917CC50</generatorID>
<ownerDesignName>project 2 draft</ownerDesignName>
<useDomainConstraints>false</useDomainConstraints>
<use>1</use>
<logicalDatatype>LOGDT019</logicalDatatype>
<dataTypePrecision>10</dataTypePrecision>
<ownDataTypeParameters>,10,</ownDataTypeParameters>
<previousColumn>false</previousColumn>
<autoIncrementCycle>false</autoIncrementCycle>
<associations>
<colAssociation fkAssociation="A8F1CACB-0365-A9BD-6175-1CEE79F0BD79" referredColumn="31FCB12F-0A4E-1E7C-89F6-9557EAF892CE"/>
</associations>
</Column>
</columns>
<indexes itemClass="oracle.dbtools.crest.model.design.relational.Index">
<ind_PK_UK id="E8F3D77D-83A1-01AF-9353-D1CC67D7B9AF" name="user_PK">
<createdBy>manij</createdBy>
<createdTime>2025-03-24 02:29:37 UTC</createdTime>
<generatorID>94F5B660-6D54-1D60-1FDC-07DC6BF66F4F</generatorID>
<ownerDesignName>project 2 draft</ownerDesignName>
<pk>true</pk>
<indexState>Primary Constraint</indexState>
<isSurrogateKey>false</isSurrogateKey>
<indexColumnUsage>
<colUsage columnID="E834060E-5AF3-D83D-945D-77C21BD68448"/>
</indexColumnUsage>
</ind_PK_UK>
<ind_PK_UK id="7DE99011-DD30-9E67-2148-E34FE0A280E3" name="user_user_name_UN">
<createdBy>manij</createdBy>
<createdTime>2025-03-24 02:29:37 UTC</createdTime>
<generatorID>46370547-3C70-527B-4876-DD1F22D88D5B</generatorID>
<ownerDesignName>project 2 draft</ownerDesignName>
<indexState>Unique Constraint</indexState>
<isSurrogateKey>false</isSurrogateKey>
<indexColumnUsage>
<colUsage columnID="28E154DF-C73A-973A-4B13-5E5C41553CA3"/>
</indexColumnUsage>
</ind_PK_UK>
<ind_PK_UK id="1E685376-43DB-0918-28C9-9B3460DA7686" name="user_details_user_role_FK">
<createdBy>manij</createdBy>
<createdTime>2025-03-24 02:29:37 UTC</createdTime>
<generatorID>DE72593D-024C-6C88-649B-8C60BE6674FD</generatorID>
<ownerDesignName>project 2 draft</ownerDesignName>
<indexState>Foreign Key</indexState>
<isSurrogateKey>false</isSurrogateKey>
<indexColumnUsage>
<colUsage columnID="E9356A1D-947E-8558-A1E6-BEBAFF6FC85C"/>
</indexColumnUsage>
</ind_PK_UK>
</indexes>
</Table>